{"name": "Central", "bounding_box": [38.695835, 15.168501, 39.046215, 15.570337], "lat_idx": [288, 293], "lon_idx": [195, 199], "line": [[[38.742186, 38.749154, 38.751898, 38.753859, 38.755573, 38.757208, 38.758662, 38.760398, 38.762888, 38.765762, 38.76799, 38.769881, 38.771345, 38.772193, 38.772753, 38.773985, 38.775473, 38.776632, 38.777753, 38.779221, 38.781085, 38.782718, 38.784381, 38.786275, 38.7887, 38.79131, 38.793718, 38.79565, 38.797218, 38.799429, 38.801451, 38.802793, 38.803989, 38.805527, 38.807404, 38.809482, 38.811392, 38.813099, 38.815245, 38.81777, 38.820259, 38.822788, 38.825234, 38.827511, 38.829782, 38.831381, 38.832408, 38.833088, 38.834081, 38.835449, 38.83645, 38.837075, 38.837568, 38.837917, 38.838017, 38.838122, 38.838237, 38.83821, 38.837964, 38.837455, 38.836986, 38.836729, 38.836525, 38.836445, 38.837113, 38.83814, 38.838766, 38.839573, 38.840676, 38.841518, 38.842809, 38.844288, 38.845304, 38.846917, 38.848575, 38.849508, 38.85043, 38.851516, 38.85278, 38.854259, 38.855634, 38.857168, 38.859248, 38.861243, 38.862659, 38.864501, 38.866496, 38.867619, 38.868841, 38.870561, 38.871905, 38.873252, 38.874713, 38.87563, 38.876522, 38.87748, 38.878193, 38.879586, 38.881738, 38.884391, 38.886758, 38.888336, 38.889125, 38.889651, 38.890703, 38.892281, 38.893615, 38.894446, 38.895926, 38.897287, 38.89821, 38.899441, 38.901446, 38.903203, 38.904301, 38.905777, 38.907025, 38.907721, 38.907738, 38.907671, 38.908277, 38.908881, 38.909533, 38.910359, 38.911217, 38.912137, 38.913007, 38.913824, 38.91458, 38.915476, 38.916474, 38.917747, 38.918542, 38.918583, 38.919152, 38.920569, 38.922455, 38.924025, 38.925138, 38.926374, 38.927289, 38.927892, 38.929082, 38.930766, 38.932575, 38.934845, 38.936237, 38.936185, 38.935651, 38.934377, 38.933641, 38.934052, 38.935033, 38.936488, 38.938099, 38.940206, 38.942201, 38.943464, 38.944385, 38.945357, 38.946791, 38.948337, 38.949895, 38.951676, 38.953555, 38.954925, 38.956048, 38.957312, 38.958405, 38.959863, 38.961721, 38.963479, 38.965401, 38.966865, 38.967916, 38.969684, 38.971651, 38.973447, 38.975536, 38.978103, 38.980305, 38.982053, 38.984448, 38.986397, 38.987849, 38.989965, 38.992058, 38.993986, 38.995733, 38.997669, 38.999568, 39.001216, 39.003525, 39.006288, 39.008246, 39.009613, 39.011113, 39.01296, 39.014804, 39.016529, 39.018544, 39.020418, 39.021746, 39.022089, 39.02171, 39.020745, 39.018794, 39.017318, 39.016782, 39.015888, 39.015043, 39.014493, 39.013864, 39.013281, 39.012772, 39.011882, 39.011232, 39.011152, 39.011076, 39.011295, 39.011602, 39.011345, 39.01072, 39.010146, 39.00982, 39.010249, 39.01142, 39.012738, 39.014001, 39.014928, 39.016139, 39.018771, 39.021406, 39.022382, 39.022544, 39.022698, 39.022922, 39.023351, 39.023648, 39.023854, 39.024265, 39.024883, 39.025907, 39.027366, 39.029539, 39.032561, 39.034812, 39.035766, 39.036665, 39.038114, 39.03989, 39.040995, 39.041564, 39.042228, 39.042586, 39.042556, 39.042542, 39.04268, 39.042987, 39.043101, 39.042966, 39.042757, 39.04256, 39.04274, 39.04342, 39.044204, 39.0452, 39.046036, 39.046215, 39.045868, 39.045054, 39.04414, 39.042812, 39.041451, 39.04131, 39.042331, 39.043704, 39.044614, 39.045133, 39.045388, 39.044951, 39.043985, 39.042608, 39.041197, 39.039889, 39.037984, 39.036054, 39.03418, 39.032605, 39.03196, 39.031431, 39.030735, 39.0301, 39.029328, 39.028603, 39.028112, 39.027651, 39.027167, 39.026599, 39.026124, 39.025174, 39.023749, 39.021662, 39.01983, 39.018558, 39.016859, 39.015015, 39.013102, 39.010953, 39.008849, 39.006412, 39.003796, 39.002136, 39.001415, 39.001021, 39.001042, 39.001339, 39.002063, 39.002554, 39.002651, 39.002041, 39.000734, 38.999269, 38.997822, 38.99625, 38.994262, 38.991939, 38.989969, 38.988857, 38.987881, 38.986554, 38.984267, 38.982293, 38.981184, 38.979809, 38.978537, 38.977309, 38.975985, 38.975284, 38.975069, 38.974659, 38.974422, 38.974387, 38.974199, 38.973745, 38.97279, 38.970972, 38.968206, 38.965724, 38.963342, 38.961203, 38.959862, 38.958231, 38.956569, 38.954977, 38.952422, 38.94951, 38.947324, 38.944676, 38.942302, 38.940834, 38.938488, 38.936583, 38.935533, 38.933529, 38.931137, 38.927934, 38.923931, 38.920339, 38.917322, 38.915341, 38.913858, 38.91023, 38.909291, 38.907414, 38.904597, 38.901553, 38.899555, 38.897576, 38.895649, 38.89369, 38.891673, 38.889941, 38.888408, 38.88663, 38.884333, 38.882332, 38.880656, 38.879388, 38.878232, 38.876512, 38.874144, 38.872315, 38.871247, 38.870197, 38.868907, 38.866381, 38.863253, 38.861041, 38.859826, 38.858663, 38.856965, 38.854693, 38.852751, 38.8511, 38.848808, 38.846913, 38.845365, 38.843516, 38.842059, 38.841066, 38.840063, 38.838505, 38.836411, 38.83413, 38.831884, 38.829333, 38.827077, 38.825304, 38.823581, 38.821883, 38.820282, 38.818919, 38.817414, 38.815593, 38.813753, 38.811814, 38.810004, 38.808299, 38.806457, 38.805053, 38.803492, 38.801649, 38.79964, 38.797797, 38.79642, 38.795044, 38.79327, 38.791141, 38.788792, 38.786081, 38.783545, 38.781317, 38.779699, 38.778281, 38.775668, 38.773086, 38.77137, 38.770226, 38.769293, 38.767906, 38.766389, 38.764638, 38.762732, 38.761091, 38.759801, 38.758372, 38.756195, 38.7535, 38.75123, 38.749575, 38.747749, 38.745671, 38.743345, 38.741084, 38.739327, 38.737383, 38.734925, 38.729914, 38.729365, 38.728269, 38.726625, 38.724107, 38.721179, 38.718135, 38.715915, 38.714627, 38.713093, 38.711703, 38.711131, 38.710811, 38.710307, 38.709797, 38.709309, 38.708692, 38.707892, 38.706577, 38.705363, 38.704574, 38.703495, 38.7021, 38.70103, 38.700092, 38.699014, 38.698271, 38.697407, 38.696389, 38.695974, 38.696033, 38.696139, 38.69617, 38.696019, 38.695835, 38.695865, 38.69616, 38.696685, 38.697685, 38.699121, 38.700334, 38.701369, 38.702666, 38.704111, 38.705264, 38.70621, 38.707692, 38.709927, 38.712692, 38.714607, 38.715392, 38.716211, 38.717528, 38.719849, 38.723953, 38.727116, 38.727858, 38.728233, 38.728614, 38.728924, 38.729153, 38.729313, 38.729285, 38.729159, 38.729039, 38.729073, 38.729473, 38.730388, 38.731537, 38.732105, 38.732284, 38.732692, 38.733429, 38.735513, 38.735518, 38.735527, 38.735541, 38.736121, 38.737821, 38.739936, 38.742737, 38.745153, 38.746586, 38.748128, 38.749768, 38.751435, 38.753553, 38.755986, 38.757895, 38.760055, 38.76201, 38.762293, 38.761775, 38.761636, 38.761588, 38.761338, 38.760643, 38.759197, 38.757498, 38.755567, 38.753908, 38.753046, 38.752315, 38.751719, 38.751191, 38.750816, 38.750611, 38.750503, 38.750519, 38.750521, 38.750455, 38.75041, 38.750372, 38.750228, 38.750402, 38.750629, 38.750551, 38.750531, 38.750288, 38.74983, 38.74941, 38.748776, 38.748263, 38.748461, 38.749019, 38.749638, 38.750586, 38.75143, 38.751911, 38.752189, 38.752318, 38.752568, 38.752983, 38.753687, 38.754883, 38.756199, 38.757387, 38.758674, 38.759948, 38.761452, 38.762709, 38.763436, 38.764144, 38.765097, 38.766412, 38.76843, 38.769814, 38.769644, 38.769244, 38.768791, 38.768309, 38.767806, 38.766974, 38.765364, 38.764178, 38.763938, 38.763654, 38.763188, 38.762672, 38.761982, 38.761977, 38.762702, 38.763321, 38.763694, 38.763123, 38.76222, 38.761234, 38.759686, 38.757888, 38.75594, 38.754757, 38.754402, 38.75394, 38.754143, 38.75615, 38.755663, 38.754688, 38.753225, 38.751268, 38.749038, 38.74744, 38.746574, 38.745548, 38.744514, 38.743718, 38.742952, 38.742248, 38.742052, 38.742186], [15.512219, 15.513083, 15.513085, 15.512835, 15.511905, 15.510608, 15.509717, 15.509177, 15.509174, 15.510106, 15.511708, 15.5137, 15.515678, 15.516824, 15.517537, 15.518489, 15.519487, 15.520496, 15.521531, 15.52272, 15.524059, 15.524932, 15.525669, 15.526626, 15.527339, 15.527754, 15.528273, 15.528668, 15.528994, 15.530049, 15.531362, 15.53224, 15.532902, 15.533223, 15.533257, 15.533398, 15.533747, 15.534097, 15.534225, 15.533553, 15.532682, 15.532232, 15.532286, 15.533205, 15.534343, 15.535062, 15.535565, 15.535943, 15.537117, 15.538947, 15.540208, 15.540956, 15.541898, 15.543369, 15.545282, 15.547205, 15.548754, 15.550166, 15.551449, 15.553782, 15.556525, 15.558085, 15.559417, 15.560937,