{"name": "Addis Ababa", "bounding_box": [38.65502166748064, 8.831930160522518, 38.909618377685774, 9.098340034484899], "lat_idx": [224, 228], "lon_idx": [195, 198], "line": [[[38.77191162109392, 38.77331924438488, 38.77529907226591, 38.7772102355957, 38.779121398926065, 38.78105163574213, 38.78158187866211, 38.78131103515625, 38.781990051269645, 38.78237152099621, 38.78313064575201, 38.783969879150675, 38.78551864624035, 38.78569030761719, 38.78749084472685, 38.789428710937614, 38.79143142700207, 38.791618347168026, 38.791950225830135, 38.793571472168026, 38.79578018188505, 38.797241210937784, 38.79817962646513, 38.79866027832031, 38.799591064453296, 38.80044937133806, 38.80168151855486, 38.804180145263956, 38.80733871459961, 38.809898376465014, 38.811798095703296, 38.81317901611334, 38.81515121459961, 38.81674957275408, 38.81837081909197, 38.81919097900402, 38.819419860840014, 38.81993865966825, 38.81953048706072, 38.81919097900402, 38.8205299377442, 38.82180023193365, 38.822120666503906, 38.82294845581072, 38.824001312255916, 38.8252716064456, 38.82654190063471, 38.82764816284208, 38.829109191894645, 38.830730438232536, 38.83187866210943, 38.832420349121094, 38.8334503173831, 38.83462142944336, 38.835128784179744, 38.83740997314459, 38.843658447265796, 38.84682083129883, 38.84954833984392, 38.852268218994425, 38.855148315429744, 38.857578277588175, 38.85955810546898, 38.86103820800781, 38.86257934570318, 38.8641891479495, 38.86587142944353, 38.86676025390625, 38.868598937988224, 38.87020874023443, 38.87197113037115, 38.87454986572283, 38.8765487670899, 38.87786865234398, 38.8789710998538, 38.879650115966854, 38.880191802978516, 38.88116836547857, 38.88235855102545, 38.88317871093756, 38.883869171142805, 38.884040832519645, 38.884941101074276, 38.884750366210994, 38.88491821289085, 38.885761260986385, 38.88578033447283, 38.88515090942383, 38.88510131835943, 38.885559082031364, 38.88734817504911, 38.88994979858404, 38.89450836181669, 38.89683151245123, 38.89870834350586, 38.899169921875, 38.898681640625284, 38.897598266601506, 38.89756011962919, 38.898319244384766, 38.8992805480957, 38.90053939819347, 38.90306854248075, 38.905319213867244, 38.907119750976676, 38.908630371094034, 38.909618377685774, 38.908920288085994, 38.907840728759936, 38.90682983398443, 38.906501770019815, 38.90668869018572, 38.90708160400419, 38.907909393310774, 38.90851974487333, 38.90847015380854, 38.908718109131144, 38.90642166137724, 38.905040740967024, 38.90364837646513, 38.90420150756853, 38.90491867065441, 38.90502929687494, 38.90520095825201, 38.90417861938471, 38.902278900146655, 38.90140914916998, 38.89987182617199, 38.898311614990234, 38.89722061157249, 38.89738082885748, 38.89601898193388, 38.894798278808594, 38.89430999755888, 38.894550323486555, 38.89567184448248, 38.89693069458002, 38.898498535156534, 38.899471282958984, 38.899929046631144, 38.898239135742244, 38.89374923706055, 38.890079498291186, 38.88734054565458, 38.88624954223627, 38.88201904296875, 38.87818908691406, 38.87451171874994, 38.873088836669865, 38.86983871459955, 38.86563110351568, 38.86185836792009, 38.85795974731474, 38.85794830322283, 38.857830047607365, 38.858108520507756, 38.858898162841854, 38.860069274902344, 38.862869262695426, 38.867721557617244, 38.870319366455135, 38.87277984619152, 38.87385177612299, 38.87303161621111, 38.87271118164085, 38.87334823608404, 38.87466049194336, 38.87448883056669, 38.87236022949247, 38.86993026733404, 38.866291046142635, 38.86209106445341, 38.85805892944353, 38.852989196777514, 38.84373092651384, 38.836730957031364, 38.83068847656267, 38.829658508301065, 38.82835006713873, 38.82860946655302, 38.828380584716854, 38.82791900634794, 38.827510833740405, 38.82672119140631, 38.82577133178722, 38.822910308838004, 38.8209304809572, 38.820499420166016, 38.82006835937523, 38.8189811706543, 38.819061279296875, 38.81758880615257, 38.81634902954124, 38.8157691955567, 38.8134307861331, 38.810791015625114, 38.80688858032238, 38.80475997924833, 38.803001403808764, 38.80239105224638, 38.80068969726574, 38.79854965209978, 38.79655838012724, 38.79368972778349, 38.791408538818644, 38.79066848754894, 38.78699111938482, 38.78382110595709, 38.781539916992415, 38.780361175537394, 38.780120849609546, 38.77973175048845, 38.77976989746094, 38.77952194213873, 38.77854156494169, 38.777069091797046, 38.776348114013956, 38.77532958984369, 38.77531051635748, 38.77513885498041, 38.77423858642578, 38.7721786499024, 38.771301269531534, 38.77099990844755, 38.77019119262718, 38.767009735107706, 38.764850616455305, 38.76202011108427, 38.75873184204107, 38.75664901733421, 38.7545814514163, 38.75242996215826, 38.74975967407232, 38.74729156494135, 38.74560928344732, 38.74514007568388, 38.74526977539068, 38.74605178833002, 38.74522018432623, 38.74359130859398, 38.74071884155268, 38.738891601562614, 38.73484039306669, 38.73484039306669, 38.73144149780279, 38.72766113281267, 38.72718048095726, 38.72552871704107, 38.72306060791027, 38.722911834716854, 38.72224044799822, 38.72082901001005, 38.71834182739286, 38.716739654541016, 38.715560913085994, 38.71445083618164, 38.71389007568388, 38.71192169189476, 38.709369659423885, 38.70737075805681, 38.70573043823265, 38.70458984375017, 38.70441818237333, 38.703010559082315, 38.70087814331072, 38.6990203857423, 38.69775009155302, 38.69623947143583, 38.69400024414085, 38.693851470947266, 38.693481445312784, 38.69009017944359, 38.68597030639643, 38.68360900878923, 38.681091308593864, 38.680469512939624, 38.679759979248104, 38.67890167236334, 38.678661346435604, 38.679229736328296, 38.68106842041044, 38.68259048461914, 38.685218811035384, 38.684249877929744, 38.682819366455135, 38.681541442871094, 38.68157958984381, 38.68096160888689, 38.681018829345646, 38.68025970459007, 38.67898941040045, 38.677600860595874, 38.675609588623104, 38.67551040649431, 38.67496871948242, 38.67414093017584, 38.67359161376976, 38.67216110229515, 38.670520782470646, 38.67021179199247, 38.66886901855497, 38.667560577392635, 38.665920257568644, 38.66407012939459, 38.662349700927905, 38.66101074218756, 38.65995025634783, 38.6585311889649, 38.657409667969034, 38.65761947631836, 38.65879058837885, 38.66151046752958, 38.66371154785185, 38.66400146484375, 38.663249969482706, 38.661628723144815, 38.66035842895536, 38.659740447998104, 38.65924072265625, 38.65837097167997, 38.656070709228686, 38.65502166748064, 38.65573120117199, 38.6571617126466, 38.656688690185604, 38.65673065185564, 38.65673828125017, 38.657341003418026, 38.65901184082048, 38.662090301513956, 38.66598892211931, 38.667461395263786, 38.66886901855497, 38.66923141479509, 38.6699485778808, 38.67037963867216, 38.67020034790039, 38.67121124267595, 38.673019409179915, 38.674900054931754, 38.67533874511747, 38.67583847045927, 38.67758178710943, 38.67940902709984, 38.679241180420206, 38.67855834960943, 38.677501678467024, 38.678150177001896, 38.679401397705305, 38.68198013305681, 38.68358993530279, 38.684680938720874, 38.68547058105497, 38.68714904785162, 38.68722152709984, 38.68787002563488, 38.6885986328125, 38.689628601074276, 38.689990997314624, 38.68894958496111, 38.68790054321306, 38.68782043457048, 38.688549041748104, 38.68809127807634, 38.6879196166995, 38.68767166137707, 38.68727111816406, 38.68804931640631, 38.689083099365234, 38.689720153808764, 38.68992996215849, 38.69073867797846, 38.69184875488281, 38.693309783935604, 38.69395828247099, 38.69496917724615, 38.69620895385748, 38.697078704834155, 38.69876098632835, 38.69984817504911, 38.70108032226591, 38.70343017578119, 38.70542144775396, 38.707031250000114, 38.70841979980486, 38.71012878417986, 38.710720062256144, 38.71129989624052, 38.7115097045899, 38.71305084228521, 38.71517944335943, 38.7171707153322, 38.71818923950207, 38.719238281250114, 38.72100830078142, 38.722858428955135, 38.72322845459013, 38.724620819091854, 38.73403167724615, 38.74282836914085, 38.74359893798834, 38.74720001220709, 38.750938415527514, 38.752910614013786, 38.75519180297863, 