{"name": "Dire Dawa", "bounding_box": [41.73033905029308, 9.4738187789917, 42.34283828735359, 9.786081314086964], "lat_idx": [231, 235], "lon_idx": [225, 232], "line": [[[42.07680892944347, 42.070518493652344, 42.06932830810541, 42.06013107299805, 42.054450988769474, 42.046218872070426, 42.0340309143067, 42.0214080810548, 42.004638671875114, 41.99766921997082, 41.99232101440441, 41.985538482666016, 41.984130859375, 41.95911026000982, 41.95449066162121, 41.94105911254877, 41.915691375732365, 41.910610198974666, 41.88473129272472, 41.862018585205135, 41.8409881591798, 41.817508697509766, 41.79486083984369, 41.775310516357365, 41.756839752197266, 41.73693084716797, 41.73033905029308, 41.751380920410156, 41.75197982788097, 41.751991271972656, 41.75806045532232, 41.776138305664176, 41.7933082580567, 41.80334854125971, 41.81098937988287, 41.85559082031256, 41.87554931640625, 41.908451080322266, 41.954650878906364, 41.99874114990246, 42.01070022583008, 42.02122116088867, 42.033119201660156, 42.124469757080135, 42.12467956542969, 42.18807983398443, 42.215660095214844, 42.253299713134766, 42.295829772949276, 42.34112167358404, 42.34246063232416, 42.34283828735357, 42.34101486206066, 42.33644104003912, 42.330650329589844, 42.32044982910162, 42.313591003418026, 42.305068969726506, 42.28824996948242, 42.27415847778326, 42.264961242675895, 42.26293182373047, 42.25896072387707, 42.2430801391601, 42.22283172607433, 42.202838897705135, 42.18268966674816, 42.161899566650504, 42.14456176757818, 42.127170562744254, 42.13016128540045, 42.132358551025334, 42.135719299316406, 42.148441314697266, 42.154911041259766, 42.1412086486817, 42.12417984008789, 42.11199188232433, 42.09857177734375, 42.083370208740234, 42.07749176025402, 42.07680892944347], [9.47494888305664, 9.476460456848258, 9.47782993316656, 9.487421035766715, 9.494290351867676, 9.500651359558049, 9.50673866271967, 9.510507583618278, 9.510049819946289, 9.508798599243278, 9.508958816528377, 9.510490417480582, 9.511169433593807, 9.492460250854549, 9.490441322326717, 9.481880187988395, 9.474799156189079, 9.476229667663688, 9.48351860046398, 9.490349769592285, 9.480251312255973, 9.479079246520996, 9.491848945617733, 9.493390083313045, 9.486909866332951, 9.4738187789917, 9.491371154785213, 9.602890968322754, 9.636268615722656, 9.636732101440373, 9.642660140991211, 9.656040191650447, 9.65137004852295, 9.644749641418457, 9.642889976501465, 9.676080703735465, 9.686221122741813, 9.681639671325684, 9.657009124755916, 9.633500099182243, 9.624499320983887, 9.620260238647518, 9.620820999145508, 9.712239265441838, 9.71244907379156, 9.775899887085018, 9.786081314086971, 9.785829544067383, 9.759830474853572, 9.724120140075684, 9.72307014465332, 9.722604751587028, 9.720417022705021, 9.718329429626579, 9.71572017669672, 9.708000183105526, 9.70142936706543, 9.693470954895076, 9.67848110198986, 9.669288635253963, 9.659239768982047, 9.653059005737362, 9.654780387878361, 9.658981323242244, 9.658499717712346, 9.655480384826603, 9.646679878234863, 9.633021354675236, 9.622631072998047, 9.61686038970953, 9.60070991516119, 9.594440460205135, 9.584831237793026, 9.572970390319824, 9.558710098266658, 9.537031173706055, 9.521559715270996, 9.510298728942814, 9.50365066528326, 9.490500450134277, 9.477708816528434, 9.47494888305664]]]}