{"name": "Harari People", "bounding_box": [42.061191558838004, 9.188249588012695, 42.274478912353494, 9.391011238098265], "lat_idx": [228, 231], "lon_idx": [229, 232], "line": [[[42.06332015991205, 42.06412887573242, 42.06204986572277, 42.061191558838004, 42.062820434570426, 42.06698989868164, 42.072780609130916, 42.087570190429744, 42.101940155029354, 42.111019134521484, 42.1165390014649, 42.1314582824707, 42.14892959594738, 42.15977859497082, 42.170890808105526, 42.189750671386776, 42.2070884704591, 42.224189758300895, 42.24039077758795, 42.25531005859375, 42.26358032226568, 42.268451690673885, 42.2718887329101, 42.266918182373104, 42.260829925537166, 42.267280578613395, 42.268360137939396, 42.26221847534191, 42.25262069702154, 42.251659393310604, 42.25595855712896, 42.25864028930664, 42.26456832885742, 42.271030426025334, 42.27421951293957, 42.274478912353516, 42.268169403076115, 42.26588821411133, 42.26176071166998, 42.25521850585943, 42.24834060668945, 42.236030578613224, 42.22309875488281, 42.21080017089855, 42.19977188110357, 42.1844596862793, 42.16802978515631, 42.150871276855526, 42.13957977294922, 42.129661560058594, 42.12292861938482, 42.1147193908692, 42.093158721923885, 42.076000213623104, 42.06332015991205], [9.228260040283317, 9.229599952697754, 9.239991188049373, 9.251770019531307, 9.26821136474615, 9.287231445312557, 9.306280136108455, 9.331450462341309, 9.352689743042106, 9.366459846496582, 9.374850273132381, 9.391011238098258, 9.389848709106445, 9.37866020202631, 9.365169525146541, 9.364019393920898, 9.372570991516113, 9.381810188293514, 9.387280464172363, 9.386140823364371, 9.375849723815975, 9.368320465087834, 9.36301040649414, 9.351390838623047, 9.336749076843319, 9.323659896850643, 9.312109947204533, 9.30117034912115, 9.287871360778922, 9.272371292114258, 9.263870239257926, 9.254890441894645, 9.24596023559576, 9.231941223144588, 9.218811035156307, 9.21720027923584, 9.201628684997672, 9.198821067810002, 9.194608688354435, 9.19204044342041, 9.18933963775629, 9.188249588012695, 9.198708534240723, 9.214268684387207, 9.222208976745605, 9.219229698181096, 9.212759971618652, 9.208600997924862, 9.218158721923942, 9.228889465332088, 9.230778694152946, 9.233080863952637, 9.227459907531795, 9.223300933838004, 9.228260040283317]]]}