{"name": "Bubanza", "bounding_box": [29.222623, -3.31922, 29.536525, -2.935853], "lat_idx": [103, 108], "lon_idx": [100, 104], "line": [[[29.363107, 29.365829, 29.367479, 29.36803, 29.370128, 29.371391, 29.371913, 29.373779, 29.37622, 29.379354, 29.382293, 29.383968, 29.387618, 29.388839, 29.390134, 29.391818, 29.392906, 29.39507, 29.397243, 29.398433, 29.39853, 29.397567, 29.400127, 29.400546, 29.399215, 29.399547, 29.400794, 29.401624, 29.405946, 29.406928, 29.4092, 29.411105, 29.41076, 29.410501, 29.411504, 29.411647, 29.41599, 29.416707, 29.418275, 29.420207, 29.423162, 29.425182, 29.425697, 29.427127, 29.427642, 29.428392, 29.435123, 29.435085, 29.43646, 29.436721, 29.43724, 29.43826, 29.439931, 29.44128, 29.443696, 29.444249, 29.445583, 29.445848, 29.446815, 29.448322, 29.450481, 29.451547, 29.453281, 29.45515, 29.455327, 29.45573, 29.45634, 29.45786, 29.458343, 29.458928, 29.460431, 29.463125, 29.463954, 29.466138, 29.46767, 29.46928, 29.469636, 29.470298, 29.471595, 29.472308, 29.47343, 29.476608, 29.478334, 29.48104, 29.482225, 29.482589, 29.481715, 29.479848, 29.478412, 29.47684, 29.475196, 29.474033, 29.472715, 29.471839, 29.470149, 29.469169, 29.468898, 29.468818, 29.467819, 29.467719, 29.467756, 29.468683, 29.468562, 29.467683, 29.468456, 29.468637, 29.469852, 29.470439, 29.470109, 29.469863, 29.469783, 29.46947, 29.470151, 29.470771, 29.471128, 29.471299, 29.47249, 29.473323, 29.474044, 29.474677, 29.475873, 29.476526, 29.477674, 29.479108, 29.478595, 29.476487, 29.476211, 29.476291, 29.478668, 29.479629, 29.481029, 29.481817, 29.48265, 29.482904, 29.482955, 29.482501, 29.481532, 29.481592, 29.484504, 29.484992, 29.485191, 29.48537, 29.484889, 29.483943, 29.482732, 29.48273, 29.483285, 29.482639, 29.48307, 29.481992, 29.482101, 29.482457, 29.483581, 29.483934, 29.484662, 29.485045, 29.485046, 29.484273, 29.483831, 29.483991, 29.483135, 29.483394, 29.483993, 29.484563, 29.486085, 29.487109, 29.488067, 29.486558, 29.486559, 29.486558, 29.486087, 29.485402, 29.483878, 29.484069, 29.485301, 29.486678, 29.487308, 29.487922, 29.488773, 29.488946, 29.490037, 29.490463, 29.490653, 29.489568, 29.48883, 29.489019, 29.488048, 29.487848, 29.488097, 29.488355, 29.487678, 29.487001, 29.487211, 29.487621, 29.48822, 29.488054, 29.488815, 29.488895, 29.487949, 29.489168, 29.490277, 29.490278, 29.490522, 29.488733, 29.487552, 29.48649, 29.48611, 29.486104, 29.486713, 29.486978, 29.487823, 29.488357, 29.489261, 29.489284, 29.489299, 29.490165, 29.491416, 29.492479, 29.491876, 29.491472, 29.491271, 29.491153, 29.491334, 29.491761, 29.492536, 29.492416, 29.492362, 29.491275, 29.491121, 29.490953, 29.489799, 29.490951, 29.49159, 29.493156, 29.494079, 29.495126, 29.496026, 29.497071, 29.497073, 29.498887, 29.500242, 29.500274, 29.501453, 29.503522, 29.504403, 29.504737, 29.506213, 29.506806, 29.506807, 29.5072, 29.508481, 29.509307, 29.509633, 29.510616, 29.511009, 29.511539, 29.512388, 29.512389, 29.51287, 29.514331, 29.515161, 29.516036, 29.516431, 29.516942, 29.516628, 29.516908, 29.516706, 29.516692, 29.516683, 29.517171, 29.517202, 29.517953, 29.518728, 29.519254, 29.520118, 29.521055, 29.522149, 29.522292, 29.522428, 29.522792, 29.523593, 29.523942, 29.524398, 29.524795, 29.524392, 29.524263, 29.524013, 29.523904, 29.52345, 29.523021, 29.522981, 29.523235, 29.522992, 29.523843, 29.523549, 29.523443, 29.523517, 29.524066, 29.524139, 29.524595, 29.524783, 29.52515, 29.525224, 29.524566, 29.524135, 29.523929, 29.52345, 29.523681, 29.524368, 29.524644, 29.525077, 29.52604, 29.525951, 29.526344, 29.526235, 29.526674, 29.526609, 29.527322, 29.527213, 29.527761, 29.527383, 29.527889, 29.527734, 29.527349, 29.527242, 29.526561, 29.526565, 29.525932, 29.525131, 29.524614, 29.523971, 29.523631, 29.522926, 29.52268, 29.522014, 29.521421, 29.520694, 29.520742, 29.521886, 29.522136, 29.52243, 29.522662, 29.522981, 29.523456, 29.524167, 29.524173, 29.525247, 29.525363, 29.524566, 29.524116, 29.525327, 29.52477, 29.523948, 29.523383, 29.522386, 29.52255, 29.525632, 29.528793, 29.530641, 29.531936, 29.530637, 29.531005, 29.53098, 29.530145, 29.528919, 29.528203, 29.528039, 29.528709, 29.530023, 29.530311, 29.532401, 29.53263, 29.532998, 29.534128, 29.535997, 29.536525, 29.535852, 29.535341, 29.534971, 29.534438, 29.534364, 29.533803, 29.532945, 29.531236, 29.53045, 29.529823, 29.530216, 29.531324, 29.531322, 29.530444, 29.528804, 29.527833, 29.527185, 29.526882, 29.527248, 29.527818, 29.528516, 29.528236, 29.528556, 29.528531, 29.527744, 29.527347, 29.527089, 29.527942, 29.529186, 29.529599, 29.529712, 29.529294, 29.528337, 29.527442, 29.524411, 29.521682, 29.51995, 29.519094, 29.518678, 29.518722, 29.518984, 29.518985, 29.519346, 29.519525, 29.519246, 29.519126, 29.519677, 29.521016, 29.521545, 29.52152, 29.520896, 29.520686, 29.521169, 29.522138, 29.522552, 29.52255, 29.522395, 29.522363, 29.522338, 29.521941, 29.521751, 29.521722, 29.521657, 29.521724, 29.522138, 29.52297, 29.523626, 29.521995, 29.519538, 29.518955, 29.517522, 29.515762, 29.51456, 29.513841, 29.509683, 29.509315, 29.50765, 29.502488, 29.502521, 29.501365, 29.497733, 29.495363, 29.494809, 29.492904, 29.490636, 29.489503, 29.48764, 29.486251, 29.484798, 29.482908, 29.47832, 29.477638, 29.473987, 29.470941, 29.465963, 29.465625, 29.464128, 29.462016, 29.460061, 29.455419, 29.454965, 29.450971, 29.450561, 29.449268, 29.447294, 29.444589, 29.442954, 29.436147, 29.433259, 29.429122, 29.42772, 29.420667, 29.417692, 29.416541, 29.417583, 29.416877, 29.416715, 29.416469, 29.416105, 29.415429, 29.41505, 29.41475, 29.400195, 29.397662, 29.368894, 29.368284, 29.367238, 29.345695, 29.341358, 29.340642, 29.339715, 29.339332, 29.339116, 29.329433, 29.324319, 29.321811, 29.318141, 29.316459, 29.316184, 29.314061, 29.312307, 29.310853, 29.30977, 29.308149, 29.30426, 29.299728, 29.293456, 29.293165, 29.292945, 29.289638, 29.287422, 29.280174, 29.279222, 29.278415, 29.277406, 29.276351, 29.269704, 29.265428, 29.263017, 29.261825, 29.261943, 29.262058, 29.261649, 29.261472, 29.260774, 29.260509, 29.256536, 29.255414, 29.252813, 29.253278, 29.252982, 29.251577, 29.250263, 29.249322, 29.249866, 29.246436, 29.243976, 29.240157, 29.239914, 29.238927, 29.238533, 29.23726, 29.236148, 29.23543, 29.234228, 29.2336, 29.232919, 29.232381, 29.231789, 29.231664, 29.232024, 29.231828, 29.231201, 29.23095, 29.230771, 29.231679, 29.231226, 29.230275, 29.230366, 29.230819, 29.230049, 29.230683, 29.231317, 29.231272, 29.230592, 29.230185, 29.229506, 29.229053, 29.228147, 29.228147, 29.228011, 29.22697, 29.226381, 29.226427, 29.226608, 29.226291, 29.226336, 29.226925, 29.227423, 29.227015, 29.227151, 29.228011, 29.228872, 29.231181, 29.232041, 29.231498, 29.231362, 29.232041, 29.233264, 29.234396, 29.234758, 29.234079, 29.233536, 29.232811, 29.23186, 29.230773, 29.229596, 29.228192, 29.227785, 29.227785, 29.228238, 29.227966, 29.226472, 29.225883, 29.224479, 29.223393, 29.222759, 29.222623, 29.223302, 29.22371, 29.224027, 29.224706, 29.225068, 29.225249, 29.225385, 29.225928, 29.227287, 29.228962, 29.229868, 29.231634, 29.231498, 29.23023, 29.228736, 29.228283, 29.227604, 29.225838, 29.225204, 29.224661, 29.224615, 29.225113, 29.225883, 29.226608, 29.229324, 29.229551, 29.229596, 29.229913, 29.229868, 29.230819, 29.231815, 29.232494, 29.232902, 29.232585, 29.231815, 29.229913, 29.228691, 29.228419, 29.228509, 29.228826, 29.229506, 29.230456, 29.231272, 29.23186, 29.232358, 29.233354, 29.234034, 29.233807, 29.234668, 29.234849, 29.23503, 29.236343, 29.237701, 29.239331, 29.239875, 29.23983, 29.240101, 29.240554, 29.240192, 29.240282, 29.241052, 29.240328, 29.240373, 29.24078, 29.241912, 29.243407, 29.244493, 29.244448, 29.243905, 29.244131, 29.244357, 29.245127, 29.245263, 29.245761, 29.247301, 29.248297, 29.249157, 29.249836, 29.2497, 29.247618, 29.247165, 29.247074, 29.247799, 29.248568, 29.249655, 29.251059, 29.251964, 29.252915, 29.254364, 29.255089, 29.254908, 29.255994, 29.256764, 29.258394, 29.259707, 29.260477, 29.261111, 