{"name": "Kayanza", "bounding_box": [29.430283, -3.22926, 29.879236, -2.786472], "lat_idx": [104, 109], "lon_idx": [102, 108], "line": [[[29.668923, 29.668046, 29.665662, 29.665447, 29.664102, 29.661958, 29.661426, 29.660671, 29.659759, 29.660278, 29.660564, 29.660852, 29.662717, 29.664047, 29.663692, 29.663005, 29.662376, 29.662338, 29.662114, 29.661767, 29.659534, 29.652997, 29.651292, 29.648654, 29.648473, 29.647727, 29.647601, 29.644666, 29.643388, 29.641797, 29.641122, 29.638524, 29.637107, 29.63631, 29.636165, 29.635974, 29.637658, 29.63902, 29.640432, 29.642072, 29.642782, 29.643663, 29.644496, 29.645719, 29.64689, 29.647985, 29.648647, 29.648856, 29.64949, 29.652492, 29.6541, 29.656036, 29.657846, 29.659488, 29.660123, 29.660552, 29.662217, 29.662591, 29.664192, 29.664888, 29.66789, 29.672363, 29.672937, 29.674768, 29.675428, 29.677673, 29.677984, 29.678493, 29.678262, 29.678621, 29.679939, 29.681608, 29.683076, 29.685729, 29.687305, 29.688085, 29.68938, 29.690883, 29.692056, 29.69643, 29.697294, 29.696422, 29.696466, 29.698793, 29.702094, 29.70186, 29.701423, 29.700298, 29.700412, 29.701045, 29.704501, 29.70902, 29.70853, 29.708637, 29.709157, 29.711305, 29.712148, 29.712196, 29.712488, 29.712968, 29.712756, 29.710168, 29.708242, 29.705427, 29.704776, 29.704421, 29.703622, 29.705417, 29.707425, 29.707853, 29.713659, 29.718553, 29.71885, 29.719348, 29.721513, 29.723829, 29.724435, 29.731241, 29.732385, 29.73327, 29.73396, 29.734239, 29.738359, 29.73904, 29.739578, 29.74089, 29.743627, 29.746757, 29.749511, 29.750224, 29.749061, 29.748185, 29.748771, 29.748885, 29.749883, 29.751844, 29.755287, 29.758458, 29.758575, 29.757831, 29.757633, 29.757705, 29.758563, 29.757106, 29.756633, 29.75901, 29.761546, 29.764488, 29.76505, 29.766996, 29.767333, 29.767812, 29.768329, 29.770622, 29.771625, 29.773223, 29.773568, 29.775306, 29.77815, 29.779704, 29.780858, 29.782005, 29.782346, 29.783614, 29.788345, 29.789047, 29.78992, 29.791759, 29.792217, 29.795867, 29.798383, 29.79853, 29.798663, 29.799535, 29.799747, 29.800199, 29.799863, 29.799493, 29.798967, 29.798295, 29.798005, 29.79734, 29.798253, 29.799308, 29.800132, 29.801179, 29.802232, 29.807399, 29.813249, 29.817594, 29.824634, 29.828843, 29.829723, 29.83492, 29.837032, 29.839326, 29.841495, 29.842431, 29.843568, 29.84432, 29.846288, 29.846475, 29.851606, 29.854478, 29.858035, 29.858663, 29.859094, 29.859252, 29.861438, 29.862642, 29.864328, 29.865838, 29.869289, 29.871654, 29.874782, 29.876811, 29.879236, 29.87726, 29.876329, 29.876039, 29.875226, 29.874994, 29.874702, 29.874643, 29.874292, 29.874059, 29.873973, 29.87342, 29.873071, 29.872548, 29.872548, 29.87272, 29.872678, 29.872604, 29.871963, 29.871209, 29.870338, 29.869699, 29.868596, 29.868478, 29.86865, 29.868562, 29.868532, 29.867833, 29.867076, 29.867305, 29.868116, 29.86736, 29.866428, 29.86515, 29.864681, 29.864681, 29.86462, 29.864446, 29.8647, 29.865024, 29.864963, 29.864946, 29.864906, 29.865133, 29.865129, 29.864896, 29.864606, 29.863557, 29.863214, 29.862455, 29.861699, 29.86193, 29.861755, 29.861579, 29.862329, 29.859729, 29.855878, 29.853877, 29.853, 29.852655, 29.852102, 29.848268, 29.845992, 29.845363, 29.844405, 29.843965, 29.84378, 29.842954, 29.838331, 29.836215, 29.830947, 29.829843, 29.83007, 29.826579, 29.824558, 29.822627, 29.823034, 29.823051, 29.822519, 29.823295, 29.823345, 29.824003, 29.824941, 29.827258, 29.827457, 29.828006, 29.828924, 29.829311, 29.830537, 29.830848, 29.832271, 29.834438, 29.842222, 29.842939, 29.843574, 29.84502, 29.849542, 29.850713, 29.850318, 29.850515, 29.850446, 29.851173, 29.851285, 29.851003, 29.849637, 29.848642, 29.848054, 29.845756, 29.842496, 29.84081, 29.840612, 29.83868, 29.835136, 29.834293, 29.832767, 29.829778, 29.827388, 29.820606, 29.818145, 29.817466, 29.81709, 29.814861, 29.812795, 29.810798, 29.809388, 29.808971, 29.808919, 29.807433, 29.80651, 29.804466, 29.803018, 29.799619, 29.797302, 29.795646, 29.794299, 29.791416, 29.789136, 29.788051, 29.787071, 29.780017, 29.773538, 29.767631, 29.767293, 29.764064, 29.762025, 29.760307, 29.75995, 29.758746, 29.756383, 29.752746, 29.751869, 29.751338, 29.751308, 29.751125, 29.751073, 29.750943, 29.750875, 29.750476, 29.749395, 29.746951, 29.744809, 29.743646, 29.738563, 29.735553, 29.734189, 29.732953, 29.730457, 29.729976, 29.727565, 29.726484, 29.725915, 29.717323, 29.713605, 29.710805, 29.710113, 29.710103, 29.708982, 29.708061, 29.707639, 29.70602, 29.704986, 29.704356, 29.702911, 29.701402, 29.698972, 29.698007, 29.695564, 29.695289, 29.695075, 29.694965, 29.693054, 29.691297, 29.689952, 29.687053, 29.685308, 29.683755, 29.680379, 29.679853, 29.676673, 29.675781, 29.676051, 29.675731, 29.675424, 29.674363, 29.674701, 29.674562, 29.674896, 29.677253, 29.677284, 29.674945, 29.673707, 29.671605, 29.668603, 29.667852, 29.667545, 29.666257, 29.661916, 29.661712, 29.659908, 29.659372, 29.657684, 29.655492, 29.654453, 29.65306, 29.652181, 29.650489, 29.648052, 29.647313, 29.64714, 29.645992, 29.645307, 29.64458, 29.643968, 29.643028, 29.641494, 29.640197, 29.639209, 29.637744, 29.634595, 29.632625, 29.632123, 29.631, 29.629209, 29.629009, 29.628808, 29.626718, 29.626237, 29.625079, 29.623922, 29.623075, 29.621732, 29.621246, 29.620292, 29.619445, 29.61852, 29.618234, 29.616649, 29.615348, 29.61444, 29.611823, 29.610742, 29.608865, 29.605493, 29.601642, 29.597623, 29.596399, 29.595033, 29.594783, 29.592534, 29.590673, 29.587959, 29.587026, 29.584098, 29.583989, 29.58332, 29.581189, 29.580825, 29.579273, 29.577533, 29.576885, 29.576255, 29.576412, 29.576246, 29.575662, 29.575195, 29.574655, 29.571861, 29.571052, 29.566655, 29.565263, 29.563884, 29.563682, 29.562364, 29.55952, 29.557786, 29.554757, 29.552167, 29.549394, 29.548154, 29.548879, 29.549123, 29.549573, 29.550573, 29.550582, 29.551282, 29.551282, 29.552411, 29.553039, 29.5519, 29.55117, 29.550679, 29.551618, 29.552291, 29.553563, 29.55438, 29.554151, 29.554179, 29.554426, 29.554002, 29.552898, 29.551973, 29.551025, 29.549947, 29.548995, 29.548917, 29.548732, 29.547881, 29.547286, 29.546596, 29.545923, 29.545728, 29.54458, 29.543727, 29.543531, 29.543868, 29.544874, 29.545385, 29.544931, 29.543298, 29.543128, 29.543227, 29.541742, 29.538953, 29.538728, 29.538464, 29.538315, 29.537875, 29.536554, 29.538003, 29.538621, 29.538863, 29.539499, 29.539575, 29.540069, 29.539846, 29.540206, 29.540775, 29.540813, 29.538755, 29.537864, 29.537446, 29.537662, 29.537359, 29.536649, 29.536168, 29.535026, 29.534866, 29.534835, 29.533786, 29.532487, 29.533622, 29.53008, 29.529104, 29.527654, 29.527343, 29.524846, 29.525192, 29.523408, 29.522985, 29.521381, 29.519937, 29.52251, 29.51999, 29.519061, 29.518777, 29.518266, 29.519037, 29.517032, 29.515922, 29.513662, 29.513246, 29.512109, 29.511722, 29.509511, 29.508636, 29.508586, 29.510042, 29.507156, 29.50842, 29.512721, 29.509509, 29.507179, 29.505357, 29.505725, 29.504302, 29.501954, 29.499088, 29.49489, 29.491857, 29.487041, 29.485197, 29.485196, 29.479169, 29.474067, 29.473348, 29.473817, 29.472749, 29.468416, 29.465629, 29.464464, 29.464343, 29.46568, 29.467212, 29.460714, 29.460346, 29.45889, 29.456859, 29.455478, 29.454994, 29.456952, 29.455196, 29.451988, 29.452686, 29.453071, 29.445653, 29.44519, 29.443221, 29.440208, 29.436868, 29.432498, 29.431934, 29.433404, 29.431302, 29.430283, 29.430631, 29.431014, 29.431314, 29.431861, 29.432845, 29.43361, 29.434485, 29.434813, 29.434704, 29.435359, 29.436097, 29.436699, 29.437355, 29.438174, 29.439158, 29.439814, 29.440251, 29.440579, 29.441317, 29.444187, 29.445526, 29.447521, 29.448259, 29.449434, 29.450582, 29.451238, 29.452031, 29.453452, 29.455119, 29.457305, 29.457551, 29.457223, 29.457333, 29.458344, 29.460749, 29.462717, 29.46422, 29.464876, 29.46575, 29.46586, 29.466734, 29.468155, 29.469959, 29.470779, 29.471708, 29.472856, 29.47395, 29.474195, 29.474578, 29.475343, 29.475945, 29.476874, 29.477311, 29.477803, 29.47753, 29.478158, 29.479498, 29.481356, 29.482914, 29.483433, 29.484854, 