{"name": "Muramvya", "bounding_box": [29.502488, -3.426223, 29.851808, -3.10749], "lat_idx": [102, 106], "lon_idx": [103, 108], "line": [[[29.548154, 29.549394, 29.552167, 29.554757, 29.557786, 29.55952, 29.562364, 29.563682, 29.563884, 29.565263, 29.566655, 29.571052, 29.571861, 29.574655, 29.575195, 29.575662, 29.576246, 29.576412, 29.576255, 29.576885, 29.577533, 29.579273, 29.580825, 29.581189, 29.58332, 29.583989, 29.584098, 29.587026, 29.587959, 29.590673, 29.592534, 29.594783, 29.595033, 29.596399, 29.597623, 29.601642, 29.605493, 29.608865, 29.610742, 29.611823, 29.61444, 29.615348, 29.616649, 29.618234, 29.61852, 29.619445, 29.620292, 29.621246, 29.621732, 29.623075, 29.623922, 29.625079, 29.626237, 29.626718, 29.628808, 29.629009, 29.629209, 29.631, 29.632123, 29.632625, 29.634595, 29.637744, 29.639209, 29.640197, 29.641494, 29.643028, 29.643968, 29.64458, 29.645307, 29.645992, 29.64714, 29.647313, 29.648052, 29.650489, 29.652181, 29.65306, 29.654453, 29.655492, 29.657684, 29.659372, 29.659908, 29.661712, 29.661916, 29.666257, 29.667545, 29.667852, 29.668603, 29.671605, 29.673707, 29.674945, 29.677284, 29.677253, 29.674896, 29.674562, 29.674701, 29.674363, 29.675424, 29.675731, 29.676051, 29.675781, 29.676673, 29.679853, 29.680379, 29.683755, 29.685308, 29.687053, 29.689952, 29.691297, 29.693054, 29.694965, 29.695075, 29.695289, 29.695564, 29.698007, 29.698972, 29.701402, 29.702911, 29.704356, 29.704986, 29.70602, 29.707639, 29.708061, 29.708982, 29.710103, 29.710113, 29.710805, 29.713605, 29.717323, 29.725915, 29.726484, 29.727565, 29.729976, 29.730457, 29.732953, 29.734189, 29.735553, 29.738563, 29.743646, 29.744809, 29.746951, 29.749395, 29.750476, 29.750875, 29.750943, 29.751073, 29.751125, 29.751308, 29.751338, 29.751869, 29.752746, 29.756383, 29.758746, 29.75995, 29.760307, 29.762025, 29.764064, 29.767293, 29.767631, 29.773538, 29.780017, 29.787071, 29.788051, 29.789136, 29.791416, 29.794299, 29.795646, 29.797302, 29.799619, 29.803018, 29.804466, 29.80651, 29.807433, 29.808919, 29.808027, 29.808114, 29.808778, 29.808202, 29.811174, 29.811273, 29.812385, 29.813758, 29.816667, 29.817132, 29.818031, 29.819515, 29.821639, 29.822509, 29.825509, 29.826303, 29.827119, 29.830228, 29.83547, 29.83563, 29.837486, 29.837829, 29.841098, 29.851808, 29.850019, 29.845685, 29.844417, 29.84357, 29.841781, 29.839229, 29.837753, 29.836652, 29.836137, 29.835323, 29.835136, 29.833852, 29.833137, 29.832574, 29.831308, 29.830112, 29.827207, 29.825351, 29.825191, 29.824783, 29.824186, 29.820333, 29.818065, 29.817571, 29.816011, 29.815347, 29.814733, 29.813394, 29.812503, 29.811006, 29.810022, 29.809987, 29.80981, 29.808046, 29.806306, 29.805894, 29.805919, 29.804569, 29.803895, 29.80375, 29.802463, 29.801343, 29.799896, 29.799831, 29.799672, 29.799838, 29.798181, 29.796405, 29.795051, 29.79384, 29.793441, 29.793348, 29.791919, 29.791143, 29.790561, 29.790267, 29.787877, 29.788057, 29.785764, 29.785089, 29.784349, 29.781015, 29.780933, 29.780164, 29.780664, 29.780523, 29.78128, 29.781852, 29.78164, 29.782548, 29.783258, 29.781329, 29.777824, 29.776334, 29.77457, 29.77445, 29.774104, 29.774087, 29.774078, 29.773639, 29.772928, 29.773353, 29.776168, 29.776214, 29.775453, 29.77506, 29.771074, 29.770242, 29.767513, 29.767099, 29.768632, 29.768102, 29.761747, 29.761312, 29.762754, 29.762796, 29.761693, 29.760822, 29.75864, 29.757678, 29.75637, 29.755134, 29.753305, 29.750648, 29.74946, 29.747739, 29.744787, 29.744268, 29.741296, 29.739511, 29.739152, 29.73846, 29.737085, 29.733905, 29.732185, 29.729741, 29.728723, 29.726644, 29.721412, 29.720893, 29.719188, 29.716163, 29.715127, 29.714162, 29.713018, 29.711822, 29.712049, 29.712537, 29.709693, 29.707343, 29.705905, 29.70314, 29.701806, 29.701497, 29.698543, 29.697099, 29.693345, 29.691211, 29.685048, 29.682779, 29.677696, 29.675737, 29.675197, 29.675277, 29.674552, 29.67147, 29.671251, 29.6674, 29.66694, 29.666953, 29.666982, 29.664199, 29.663486, 29.661786, 29.659637, 29.653978, 29.64982, 29.648862, 29.648097, 29.6468, 29.646947, 29.646793, 29.646589, 29.645448, 29.643892, 29.642442, 29.643346, 29.644321, 29.645915, 29.6466, 29.64578, 29.64409, 29.643857, 29.644222, 29.643173, 29.642835, 29.641187, 29.639943, 29.639394, 29.637536, 29.634065, 29.631873, 29.631223, 29.628127, 29.627429, 29.627834, 29.628038, 29.627757, 29.626073, 29.624746, 29.622932, 29.621677, 29.621475, 29.619804, 29.619403, 29.619247, 29.619226, 29.618997, 29.618911, 29.618694, 29.619745, 29.619483, 29.618902, 29.618867, 29.617921, 29.615161, 29.614126, 29.613216, 29.612855, 29.609922, 29.608568, 29.605012, 29.600416, 29.599143, 29.598266, 29.597833, 29.597522, 29.596528, 29.594041, 29.593837, 29.58827, 29.58723, 29.585695, 29.581552, 29.582023, 29.580459, 29.580402, 29.580072, 29.578771, 29.579835, 29.581645, 29.58114, 29.580865, 29.580642, 29.581001, 29.581249, 29.581426, 29.577394, 29.569944, 29.567514, 29.564273, 29.56241, 29.560735, 29.559356, 29.559108, 29.556396, 29.554641, 29.554439, 29.553901, 29.55039, 29.547191, 29.545055, 29.5442, 29.542547, 29.541442, 29.538614, 29.532811, 29.531509, 29.530328, 29.529277, 29.528644, 29.52736, 29.523118, 29.521823, 29.524057, 29.524925, 29.530702, 29.531558, 29.534042, 29.533658, 29.531957, 29.531427, 29.531133, 29.526016, 29.526113, 29.524074, 29.523847, 29.523809, 29.522586, 29.519418, 29.517551, 29.515668, 29.513942, 29.512195, 29.511749, 29.511653, 29.507951, 29.50769, 29.506812, 29.502488, 29.50765, 29.509315, 29.509683, 29.513841, 29.51456, 29.515762, 29.517522, 29.518955, 29.519538, 29.521995, 29.523626, 29.525073, 29.522558, 29.523126, 29.524719, 29.527429, 29.529146, 29.529334, 29.530723, 29.531005, 29.535053, 29.53712, 29.537122, 29.537121, 29.539941, 29.540204, 29.541671, 29.541709, 29.541677, 29.541873, 29.541789, 29.543968, 29.549156, 29.550094, 29.550096, 29.550095, 29.551551, 29.550678, 29.553485, 29.553488, 29.553487, 29.555169, 29.559211, 29.561345, 29.558291, 29.560165, 29.558723, 29.555562, 29.552583, 29.551572, 29.545013, 29.54375, 29.539874, 29.53853, 29.535407, 29.534181, 29.535304, 29.536319, 29.53458, 29.535362, 29.534374, 29.534452, 29.537996, 29.541412, 29.544322, 29.548154], [-3.107506, -3.10749, -3.108531, -3.109576, -3.109468, -3.109106, -3.109298, -3.109878, -3.109958, -3.110508, -3.111084, -3.113054, -3.113332, -3.112005, -3.11622, -3.117603, -3.120713, -3.122417, -3.125227, -3.127439, -3.128155, -3.130507, -3.131984, -3.132437, -3.137995, -3.139792, -3.140085, -3.143049, -3.143117, -3.143316, -3.1427, -3.143044, -3.143101, -3.143773, -3.144377, -3.144141, -3.144985, -3.145803, -3.146249, -3.146507, -3.146378, -3.150207, -3.152286, -3.152246, -3.152545, -3.153518, -3.15472, -3.156385, -3.157237, -3.16086, -3.162085, -3.162365, -3.162646, -3.163131, -3.162977, -3.164339, -3.16699, -3.167089, -3.167393, -3.167213, -3.166511, -3.167383, -3.166868, -3.166096, -3.166976, -3.166646, -3.166194, -3.166841, -3.167259, -3.167516, -3.166837, -3.164849, -3.163825, -3.164828, -3.164886, -3.163408, -3.163348, -3.162168, -3.16239, -3.161553, -3.161287, -3.158653, -3.15851, -3.158683, -3.15732, -3.156312, -3.156549, -3.155406, -3.155309, -3.154815, -3.156903, -3.157131, -3.159436, -3.162343, -3.162941, -3.164995, -3.166758, -3.168121, -3.169539, -3.171474, -3.173481, -3.175281, -3.174838, -3.179261, -3.181513, -3.182024, -3.18485, -3.185324, -3.186706, -3.189266, -3.189683, -3.190484, -3.190811, -3.193748, -3.195668, -3.200496, -3.208004, -3.210011, -3.210886, -3.212003, -3.21215, -3.212189, -3.212589, -3.213506, -3.215116, -3.216604, -3.217059, -3.217665, -3.220558, -3.220749, -3.220967, -3.221669, -3.221811, -3.225182, -3.226773, -3.228528, -3.22926, -3.227788, -3.227263, -3.226299, -3.224304, -3.222476, -3.221802, -3.220865, -3.21908, -3.218224, -3.215153, -3.214632, -3.212811, -3.209801, -3.20695, -3.206558, -3.210048, -3.210689, -3.209933, -3.208257, -3.205235, -3.20492, -3.200757, -3.197159, -3.192457, -3.192458, -3.192461, -3.192465, -3.192472, -3.192306, -3.192102, -3.191817,