{"name": "Mwaro", "bounding_box": [29.566116, -3.720205, 29.875007, -3.297831], "lat_idx": [99, 104], "lon_idx": [104, 108], "line": [[[29.566116, 29.568599, 29.570566, 29.57118, 29.572572, 29.571819, 29.572248, 29.574006, 29.574764, 29.578027, 29.5802, 29.584085, 29.587007, 29.587022, 29.589029, 29.589044, 29.585641, 29.580226, 29.57887, 29.578557, 29.579099, 29.578161, 29.579963, 29.580108, 29.580444, 29.579669, 29.579789, 29.581237, 29.580888, 29.580568, 29.584047, 29.591024, 29.593234, 29.594777, 29.597501, 29.598558, 29.598508, 29.598377, 29.597112, 29.597577, 29.597762, 29.591977, 29.590698, 29.589334, 29.589284, 29.5885, 29.587819, 29.585241, 29.586316, 29.585203, 29.584255, 29.579973, 29.57756, 29.579282, 29.579278, 29.578498, 29.580589, 29.581218, 29.582149, 29.580276, 29.579746, 29.579866, 29.583244, 29.583497, 29.586122, 29.586477, 29.586595, 29.587379, 29.589984, 29.591234, 29.591354, 29.591331, 29.591316, 29.590089, 29.585361, 29.584071, 29.583968, 29.583568, 29.581426, 29.581249, 29.581001, 29.580642, 29.580865, 29.58114, 29.581645, 29.579835, 29.578771, 29.580072, 29.580402, 29.580459, 29.582023, 29.581552, 29.585695, 29.58723, 29.58827, 29.593837, 29.594041, 29.596528, 29.597522, 29.597833, 29.598266, 29.599143, 29.600416, 29.605012, 29.608568, 29.609922, 29.612855, 29.613216, 29.614126, 29.615161, 29.617921, 29.618867, 29.618902, 29.619483, 29.619745, 29.618694, 29.618911, 29.618997, 29.619226, 29.619247, 29.619403, 29.619804, 29.621475, 29.621677, 29.622932, 29.624746, 29.626073, 29.627757, 29.628038, 29.627834, 29.627429, 29.628127, 29.631223, 29.631873, 29.634065, 29.637536, 29.639394, 29.639943, 29.641187, 29.642835, 29.643173, 29.644222, 29.643857, 29.64409, 29.64578, 29.6466, 29.645915, 29.644321, 29.643346, 29.642442, 29.643892, 29.645448, 29.646589, 29.646793, 29.646947, 29.6468, 29.648097, 29.648862, 29.64982, 29.653978, 29.659637, 29.661786, 29.663486, 29.664199, 29.666982, 29.666953, 29.66694, 29.6674, 29.671251, 29.67147, 29.674552, 29.675277, 29.675197, 29.675737, 29.677696, 29.682779, 29.685048, 29.691211, 29.693345, 29.697099, 29.698543, 29.701497, 29.701806, 29.70314, 29.705905, 29.707343, 29.709693, 29.712537, 29.712049, 29.711822, 29.713018, 29.714162, 29.715127, 29.716163, 29.719188, 29.720893, 29.721412, 29.726644, 29.728723, 29.729741, 29.732185, 29.733905, 29.737085, 29.73846, 29.739152, 29.739511, 29.741296, 29.744268, 29.744787, 29.747739, 29.74946, 29.750648, 29.753305, 29.755134, 29.75637, 29.757678, 29.75864, 29.760822, 29.761693, 29.762796, 29.762754, 29.761312, 29.761747, 29.768102, 29.768632, 29.767099, 29.767513, 29.770242, 29.771074, 29.77506, 29.775453, 29.776214, 29.776168, 29.773353, 29.772928, 29.773639, 29.774078, 29.774087, 29.774104, 29.77445, 29.77457, 29.776334, 29.777824, 29.781329, 29.783258, 29.784366, 29.786935, 29.788682, 29.790059, 29.793596, 29.794114, 29.795017, 29.795888, 29.796596, 29.796714, 29.79689, 29.797092, 29.799724, 29.805831, 29.809091, 29.810891, 29.814351, 29.814918, 29.815841, 29.816583, 29.81701, 29.817903, 29.818582, 29.817405, 29.817518, 29.818292, 29.818502, 29.819879, 29.822002, 29.823089, 29.824373, 29.825307, 29.826181, 29.827766, 29.828037, 29.829028, 29.829646, 29.829477, 29.831312, 29.832048, 29.832145, 29.834979, 29.837844, 29.840318, 29.839071, 29.840104, 29.838725, 29.8376, 29.838022, 29.838649, 29.838092, 29.834413, 29.835166, 29.832816, 29.830449, 29.829877, 29.827625, 29.825713, 29.825643, 29.825572, 29.825614, 29.827905, 29.828981, 29.831682, 29.832761, 29.833219, 29.834161, 29.836501, 29.838155, 29.8385, 29.839828, 29.841066, 29.842883, 29.844583, 29.84596, 29.84687, 29.848073, 29.849887, 29.851402, 29.851655, 29.851901, 29.85353, 29.854928, 29.855293, 29.856988, 29.856471, 29.855394, 29.855575, 29.856231, 29.856975, 29.85782, 29.859718, 29.860956, 29.862787, 29.86313, 29.867412, 29.86943, 29.870069, 29.872106, 29.872314, 29.873718, 29.873056, 29.872037, 29.871177, 29.868554, 29.868263, 29.869792, 29.873266, 29.875007, 29.871797, 29.871051, 29.86889, 29.868207, 29.866159, 29.863485, 29.861745, 29.859939, 29.860866, 29.859315, 29.858911, 29.858917, 29.85971, 29.860275, 29.858781, 29.857385, 29.857211, 29.858014, 29.856771, 29.856523, 29.85572, 29.854425, 29.853942, 29.853122, 29.853116, 29.855178, 29.856166, 29.856969, 29.859575, 29.860296, 29.860277, 29.860254, 29.858463, 29.856408, 29.857427, 29.860296, 29.857288, 29.856115, 29.856445, 29.857877, 29.86005, 29.861696, 29.859887, 29.856687, 29.856008, 29.855577, 29.856487, 29.854741, 29.855148, 29.854812, 29.856101, 29.854518, 29.852031, 29.851543, 29.851049, 29.851474, 29.852718, 29.853095, 29.853462, 29.852395, 29.852731, 29.85481, 29.856674, 29.856681, 29.855098, 29.854808, 29.856504, 29.857402, 29.857019, 29.854202, 29.852388, 29.85177, 29.851695, 29.852403, 29.852231, 29.851129, 29.851468, 29.852483, 29.852332, 29.852134, 29.851413, 29.850534, 29.851249, 29.850803, 29.850843, 29.84896, 29.848028, 29.847741, 29.84884, 29.845624, 29.845327, 29.844459, 29.84233, 29.84139, 29.840434, 29.840007, 29.839208, 29.837989, 29.836992, 29.834766, 29.834331, 29.832557, 29.827794, 29.826043, 29.825586, 29.822736, 29.822496, 29.821536, 29.820045, 29.816631, 29.814515, 29.813596, 29.811384, 29.808965, 29.807918, 29.804796, 29.804302, 29.802821, 29.801822, 29.801177, 29.800929, 29.799196, 29.797338, 29.796691, 29.793977, 29.795362, 29.794296, 29.792646, 29.791019, 29.791742, 29.788577, 29.7893, 29.788711, 29.787179, 29.786613, 29.785053, 29.78436, 29.782787, 29.780063, 29.778858, 29.778684, 29.779788, 29.779016, 29.776605, 29.77614, 29.774343, 29.774577, 29.771642, 29.771766, 29.771278, 29.771064, 29.769807, 29.769546, 29.770553, 29.770185, 29.76974, 29.769765, 29.7695, 29.76947, 29.771249, 29.771814, 29.77263, 29.773599, 29.776325, 29.778596, 29.778728, 29.78123, 29.781978, 29.784198, 29.785007, 29.786317, 29.785159, 29.784625, 29.78514, 29.785816, 29.788217, 29.789468, 29.789495, 29.79055, 29.79017, 29.790735, 29.792108, 29.791999, 29.792463, 29.791894, 29.790679, 29.79062, 29.791675, 29.791734, 29.793844, 29.795078, 29.796619, 29.796222, 29.797397, 29.79766, 29.796737, 29.798568, 29.80319, 29.80458, 29.80404, 29.804504, 29.804302, 29.80416, 29.803773, 29.803378, 29.802032, 29.799716, 29.798276, 29.796102, 29.794595, 29.792535, 29.790607, 29.790147, 29.789531, 29.789001, 29.786662, 29.78584, 29.783006, 29.782453, 29.782794, 29.782029, 29.7819, 29.781577, 29.778472, 29.777284, 29.776899, 29.775455, 29.771154, 29.768983, 29.767955, 29.765895, 29.765077, 29.763852, 29.763147, 29.759719, 29.759334, 29.757455, 29.754987, 29.753429, 29.752401, 29.751603, 29.749088, 29.748815, 29.74871, 29.74719, 29.745359, 29.744287, 29.743333, 29.742048, 29.741615, 29.740089, 29.737186, 29.736753, 29.735227, 29.733857, 29.733608, 29.732242, 29.731622, 29.731582, 29.729593, 29.729598, 29.726812, 29.724, 29.722656, 29.721193, 29.720968, 29.718227, 29.717616, 29.718742, 29.720258, 29.721425, 29.717155, 29.717071, 29.715694, 29.714502, 29.714006, 29.714345, 29.713765, 29.713392, 29.712468, 29.711711, 29.710313, 29.710136, 29.709522, 29.707027, 29.70444, 29.703996, 29.702085, 29.701692, 29.701143, 29.700652, 29.699348, 29.695821, 29.694843, 29.692653, 29.691285, 29.687806, 29.681735, 29.681108, 29.670253, 29.669219, 29.668073, 29.666953, 29.667093, 29.666034, 29.665778, 29.664674, 29.664441, 29.664075, 29.664865, 29.666183, 29.667291, 29.669826, 29.671113, 29.673614, 29.673261, 29.672733, 29.672454, 29.672212, 29.671956, 29.670474, 29.670469, 29.673225, 29.674064, 29.675035, 29.676799, 29.675367, 29.67588, 29.677905, 29.677438, 29.678394, 29.674703, 29.673166, 29.667192, 29.664415, 29.663896, 29.661222, 29.653772, 29.652265, 29.651641, 29.651271, 29.652339, 29.651948, 29.650043, 29.648591, 29.646604, 29.646148, 29.647008, 29.646423, 29.64488, 29.643768, 29.644676, 29.646173, 29.646655, 29.646581, 29.646549, 29.647815, 29.648095, 29.64553, 29.642633, 29.640535, 29.640048, 29.637954, 29.636485, 29.633262, 29.631593, 29.630941, 29.628141, 