{"name": "North Bahr-al-Ghazal", "bounding_box": [26.134083, 7.895638, 28.036385, 9.866408], "lat_idx": [215, 236], "lon_idx": [69, 89], "line": [[[26.231326, 26.245338, 26.260296, 26.274743, 26.288678, 26.303306, 26.308283, 26.314835, 26.323754, 26.33342, 26.345882, 26.359079, 26.373614, 26.384577, 26.393915, 26.441372, 26.492791, 26.547766, 26.596753, 26.644918, 26.702774, 26.750122, 26.79863, 26.844, 26.889681, 26.931356, 26.976185, 27.02364, 27.082068, 27.14236, 27.198441, 27.226642, 27.250448, 27.289964, 27.327276, 27.364602, 27.41105, 27.456104, 27.499994, 27.565195, 27.630701, 27.690553, 27.75001, 27.787703, 27.82228, 27.903755, 27.907799, 27.91137, 27.913724, 27.915968, 27.918192, 27.920474, 27.922976, 27.925459, 27.927701, 27.930033, 27.93347, 27.938486, 27.943819, 27.9479, 27.950442, 27.952504, 27.955528, 27.959474, 27.962847, 27.964714, 27.965606, 27.966675, 27.968273, 27.970091, 27.972609, 27.976527, 27.980822, 27.983477, 27.984084, 27.984102, 27.985009, 27.987024, 27.989243, 27.991161, 27.993521, 27.996731, 27.999836, 28.002272, 28.004722, 28.007495, 28.010143, 28.012315, 28.013686, 28.014634, 28.016997, 28.021762, 28.026822, 28.029566, 28.030307, 28.031194, 28.033149, 28.035166, 28.036181, 28.036385, 28.036282, 28.035752, 28.034663, 28.03333, 28.031686, 28.029462, 28.027391, 28.025788, 28.023049, 28.01854, 28.01431, 28.011557, 28.009249, 28.006902, 28.004647, 28.00179, 27.998131, 27.994649, 27.992023, 27.990132, 27.988554, 27.986676, 27.984183, 27.981522, 27.979265, 27.977443, 27.975467, 27.972563, 27.968744, 27.964904, 27.961853, 27.959785, 27.958405, 27.957204, 27.955808, 27.954266, 27.953007, 27.952367, 27.951309, 27.935314, 27.935268, 27.934895, 27.933739, 27.93196, 27.930058, 27.927147, 27.922291, 27.917256, 27.914185, 27.913102, 27.913289, 27.913246, 27.91091, 27.906293, 27.90121, 27.896351, 27.891211, 27.886192, 27.882278, 27.879557, 27.877437, 27.875319, 27.873065, 27.870584, 27.867984, 27.867555, 27.871855, 27.879294, 27.886198, 27.891375, 27.89562, 27.899793, 27.912381, 27.912734, 27.914545, 27.918434, 27.923423, 27.928798, 27.934756, 27.940711, 27.946176, 27.951468, 27.956338, 27.960633, 27.964473, 27.967056, 27.967962, 27.967959, 27.96766, 27.967452, 27.968099, 27.970251, 27.973236, 27.975118, 27.97517, 27.974792, 27.97523, 27.976633, 27.978767, 27.980874, 27.982321, 27.98381, 27.986158, 27.988534, 27.98989, 27.990877, 27.992494, 27.994366, 27.995854, 27.997273, 27.998529, 27.998248, 27.995811, 27.992036, 27.986862, 27.979867, 27.972886, 27.967647, 27.963209, 27.958939, 27.955477, 27.951909, 27.946507, 27.939908, 27.934601, 27.931805, 27.93049, 27.929021, 27.927082, 27.926042, 27.926974, 27.928976, 27.930706, 27.931914, 27.932813, 27.934109, 27.936992, 27.941168, 27.944214, 27.944708, 27.944327, 27.945213, 27.947207, 27.949089, 27.950962, 27.953612, 27.956282, 27.957173, 27.955297, 27.95068, 27.944331, 27.938071, 27.933258, 27.929985, 27.927443, 27.924722, 27.921397, 27.917635, 27.913831, 27.898552, 27.898256, 27.896597, 27.89268, 27.887414, 27.882266, 27.877193, 27.871832, 27.866413, 27.860599, 27.853929, 27.84698, 27.840901, 27.836175, 27.832027, 27.82754, 27.822625, 27.802663, 27.802748, 27.803174, 27.80384, 27.803726, 27.801893, 27.798453, 27.793781, 27.788332, 27.783277, 27.779444, 27.77608, 27.772162, 27.767826, 27.762937, 27.757035, 27.751832, 27.749163, 27.74723, 27.743968, 27.740687, 27.738412, 27.735815, 27.732728, 27.730471, 27.72844, 27.72424, 27.717215, 27.709728, 27.703822, 27.697793, 27.689314, 27.679419, 27.669173, 27.658504, 27.649854, 27.645448, 27.643154, 27.639104, 27.631618, 27.62211, 27.613166, 27.605669, 27.598396, 27.590297, 27.581788, 27.573259, 27.564171, 27.554776, 27.546553, 27.539945, 27.533613, 27.526547, 27.519128, 27.51107, 27.501613, 27.492616, 27.486078, 27.480386, 27.473087, 27.463899, 27.454637, 27.447108, 27.440278, 27.432426, 27.424385, 27.41674, 27.408733, 27.401612, 27.397283, 27.394518, 27.390509, 27.384369, 27.376865, 27.368619, 27.360204, 27.351869, 27.343096, 27.334547, 27.328076, 27.323567, 27.318747, 27.31263, 27.30686, 27.302522, 27.297779, 27.290841, 27.282809, 27.275178, 27.267117, 27.241812, 27.241466, 27.239689, 27.235552, 27.22934, 27.222339, 27.216486, 27.212596, 27.208085, 27.200036, 27.190248, 27.182395, 27.176036, 27.168952, 27.16168, 27.154717, 27.146617, 27.137912, 27.130903, 27.124962, 27.117753, 27.109143, 27.099972, 27.091111, 27.084022, 27.078167, 27.071428, 27.064353, 27.058974, 27.055077, 27.050922, 27.045137, 27.037542, 27.029563, 27.022577, 27.016407, 27.010504, 27.004423, 26.997533, 26.990147, 26.983277, 26.977432, 26.972644, 26.968382, 26.96362, 26.957775, 26.950786, 26.92197, 26.921575, 26.919579, 26.915501, 26.910987, 26.906842, 26.900654, 26.890896, 26.880034, 26.870118, 26.86, 26.849628, 26.840583, 26.831731, 26.821697, 26.813085, 26.808383, 26.805404, 26.799759, 26.790635, 26.781545, 26.773576, 26.764411, 26.754594, 26.74596, 26.738098, 26.731178, 26.725163, 26.716798, 26.70398, 26.690072, 26.678489, 26.668718, 26.660278, 26.65273, 26.644538, 26.636617, 26.630921, 26.626788, 26.622379, 26.616091, 26.607496, 26.598924, 26.592985, 26.588798, 26.583184, 26.5748, 26.565916, 26.559001, 26.551963, 26.541443, 26.529922, 26.522407, 26.518255, 26.512551, 26.503322, 26.492975, 26.483757, 26.476022, 26.469868, 26.464351, 26.457288, 26.448438, 26.439948, 26.43297, 26.426652, 26.419924, 26.412427, 26.403966, 26.393537, 26.380932, 26.368529, 26.357569, 26.346785, 26.336831, 26.329158, 26.322578, 26.315722, 26.308507, 26.300413, 26.291363, 26.283668, 26.279538, 26.277987, 26.276884, 26.2755, 26.27389, 26.272204, 26.270778, 26.269394, 26.266816, 26.262665, 26.25864, 26.256449, 26.255775, 26.254343, 26.250347, 26.245073, 26.24143, 26.241012, 26.24272, 26.243026, 26.240208, 26.236892, 26.235147, 26.233145, 26.229236, 26.225021, 26.222745, 26.223122, 26.225566, 26.228234, 26.229246, 26.227784, 26.223252, 26.216458, 26.210926, 26.209302, 26.210732, 26.213171, 26.214674, 26.200565, 26.200493, 26.20018, 26.1997, 26.199479, 26.199683, 26.200177, 26.201089, 26.2026, 26.204299, 26.205008, 26.20379, 26.201123, 26.19813, 26.195634, 26.194193, 26.193845, 26.194377, 26.19537, 26.19573, 26.194938, 26.193643, 26.191872, 26.188985, 26.185393, 26.182209, 26.179945, 26.178632, 26.178225, 26.178302, 26.178009, 26.176623, 26.174052, 26.171297, 26.169736, 26.168258, 26.163684, 26.156038, 26.149488, 26.14693, 26.147034, 26.146636, 26.144487, 26.142505, 26.142628, 26.143649, 26.143109, 26.140924, 26.139363, 26.139802, 26.140945, 26.140892, 26.139414, 26.137543, 26.136324, 26.13605, 26.136215, 26.136287, 26.136026, 26.135382, 26.134645, 26.134186, 26.134083, 26.134227, 26.1348, 26.136022, 26.137198, 26.137497, 26.137248, 26.137098, 26.137281, 26.137764, 26.138182, 26.145035, 26.14519, 26.145966, 26.147499, 26.148978, 26.149662, 26.149776, 26.149773, 26.149996, 26.1508, 26.152121, 26.153587, 26.155164, 26.156768, 26.157412, 26.156301, 26.154512, 26.153704, 26.154213, 26.155547, 26.157068, 26.158169, 26.158633, 26.158816, 26.15977, 26.162247, 26.165151, 26.166503, 26.165857, 26.164709, 26.164755, 26.166086, 26.167379, 26.168008, 26.1687, 26.169927, 26.171259, 26.172046, 26.172154, 26.172426, 26.173583, 26.174868, 26.175126, 26.174545, 26.174277, 26.174976, 26.176177, 26.177021, 26.177178, 26.177037, 26.177107, 26.177287, 26.177468, 26.178081, 26.179375, 26.181629, 26.184888, 26.187804, 26.189397, 26.190467, 26.191725, 26.193175, 26.194568, 26.195154, 26.194694, 26.194098, 26.194065, 26.194484, 26.195115, 26.195753, 26.196325, 26.196867, 26.197188, 26.197362, 26.197979, 26.19911, 26.200083, 26.200657, 26.201166, 26.201488, 26.201154, 26.200301, 26.199624, 26.19988, 26.201871, 26.20547, 26.208812, 26.231326], [9.866408, 9.826009, 9.78288, 9.741227, 9.701048, 9.65887, 9.645273, 9.632532, 9.619286, 9.60699, 9.594234, 9.583148, 9.573076, 9.567808, 9.564064, 9.551159, 9.537175, 9.522225, 9.511689, 9.50133, 9.488887, 9.496638, 9.513897, 9.530039, 9.548545, 9.565429, 9.583591, 9.602816, 9.61441, 