{"name": "Ali Sabieh", "bounding_box": [42.659534, 10.981667, 43.200116, 11.492556], "lat_idx": [246, 252], "lon_idx": [235, 241], "line": [[[42.66182, 42.66171, 42.662027, 42.662187, 42.661642, 42.661333, 42.661594, 42.661532, 42.661299, 42.66148, 42.66159, 42.661486, 42.661654, 42.661605, 42.66072, 42.660383, 42.661073, 42.661777, 42.662481, 42.663301, 42.664304, 42.665789, 42.667707, 42.670239, 42.6737, 42.677064, 42.679352, 42.681095, 42.682922, 42.684486, 42.68617, 42.689463, 42.692689, 42.694591, 42.696439, 42.697877, 42.699126, 42.700994, 42.703508, 42.707072, 42.710644, 42.714222, 42.717344, 42.720316, 42.723645, 42.727184, 42.730633, 42.733059, 42.735693, 42.740047, 42.743799, 42.746378, 42.750005, 42.754162, 42.757859, 42.761478, 42.764359, 42.766422, 42.769393, 42.771747, 42.773886, 42.775653, 42.776541, 42.778079, 42.780646, 42.783211, 42.785067, 42.787353, 42.790125, 42.792582, 42.795073, 42.797186, 42.799164, 42.80113, 42.802621, 42.804515, 42.806994, 42.810051, 42.812832, 42.814546, 42.815911, 42.817332, 42.818779, 42.819785, 42.821009, 42.821786, 42.82334, 42.82567, 42.828353, 42.830195, 42.83211, 42.834166, 42.836209, 42.839034, 42.841724, 42.84457, 42.846979, 42.848765, 42.851025, 42.854123, 42.857122, 42.858784, 42.860115, 42.861416, 42.862869, 42.865152, 42.86734, 42.868536, 42.869932, 42.872249, 42.875132, 42.878424, 42.881402, 42.884048, 42.88699, 42.890522, 42.893114, 42.894652, 42.897087, 42.899631, 42.902413, 42.905352, 42.906896, 42.90761, 42.908744, 42.910379, 42.912205, 42.914537, 42.916694, 42.917713, 42.918392, 42.91917, 42.919957, 42.920901, 42.922513, 42.924486, 42.926565, 42.929564, 42.932238, 42.933937, 42.935718, 42.937838, 42.939791, 42.941712, 42.943769, 42.946235, 42.948788, 42.951344, 42.954588, 42.957342, 42.960409, 42.963436, 42.966545, 42.969052, 42.970047, 42.971614, 42.97358, 42.975441, 42.976992, 42.978789, 42.980999, 42.982682, 42.98421, 42.985923, 42.987488, 42.988817, 42.990095, 42.99179, 42.994344, 42.996613, 42.998715, 43.001437, 43.003994, 43.006363, 43.00861, 43.011209, 43.01398, 43.01638, 43.018493, 43.021167, 43.024112, 43.027333, 43.030802, 43.033925, 43.037393, 43.040112, 43.042767, 43.045562, 43.047746, 43.049968, 43.051568, 43.052619, 43.054155, 43.056904, 43.059421, 43.061169, 43.063201, 43.065422, 43.067863, 43.069497, 43.070514, 43.072409, 43.07399, 43.074971, 43.076316, 43.077764, 43.079295, 43.080821, 43.08229, 43.084404, 43.086389, 43.087706, 43.089112, 43.09068, 43.092453, 43.094389, 43.096327, 43.098183, 43.099419, 43.100087, 43.101167, 43.10305, 43.105177, 43.107077, 43.109225, 43.110863, 43.111807, 43.113288, 43.11545, 43.117503, 43.120094, 43.122846, 43.125463, 43.128004, 43.129808, 43.13181, 43.13377, 43.135908, 43.139265, 43.142114, 43.143664, 43.145159, 43.147445, 43.150424, 43.152474, 43.153926, 43.156296, 43.159167, 43.161512, 43.163445, 43.165809, 43.168108, 43.170046, 43.172452, 43.175848, 43.181189, 43.190099, 43.200116, 43.200046, 43.197095, 43.194144, 43.191193, 43.188243, 43.185293, 43.182342, 43.179392, 43.176442, 43.173491, 43.170542, 43.167592, 43.164642, 43.161692, 43.158743, 43.155793, 43.152844, 43.149894, 43.146945, 43.143996, 43.141047, 43.138098, 43.135149, 43.1322, 43.129252, 43.126303, 43.123355, 43.120407, 43.117458, 43.11451, 43.111562, 43.108614, 43.105666, 43.102718, 43.099771, 43.096823, 43.093876, 43.090928, 43.087981, 43.085034, 43.082086, 43.079139, 43.076192, 43.073245, 43.070299, 43.067352, 43.064406, 43.061459, 43.058513, 43.055567, 43.05262, 43.049674, 43.046728, 43.043782, 43.040836, 43.037891, 43.034945, 43.032, 43.029054, 43.026109, 43.023164, 43.020219, 43.017274, 43.014329, 43.011384, 43.008439, 43.005494, 43.00255, 42.999605, 42.996661, 42.993716, 42.990772, 42.987828, 42.984884, 42.98194, 42.978996, 42.976053, 42.973109, 42.970166, 42.967205, 42.943777, 42.93985, 42.936329, 42.930642, 42.926173, 42.919167, 42.918131, 42.916111, 42.913056, 42.910278, 42.905833, 42.901389, 42.897222, 42.890278, 42.884722, 42.879722, 42.874445, 42.870278, 42.866112, 42.860555, 42.854444, 42.848055, 42.8425, 42.8375, 42.831666, 42.826112, 42.820555, 42.814166, 42.807777, 42.803055, 42.798334, 42.794166, 42.790278, 42.789141, 42.788915, 42.786112, 42.782778, 42.779445, 42.776111, 42.772778, 42.770277, 42.768333, 42.765833, 42.764722, 42.763611, 42.762222, 42.761945, 42.760833, 42.759721, 42.757777, 42.755278, 42.751944, 42.749167, 42.744444, 42.739444, 42.735, 42.73, 42.723889, 42.718889, 42.713333, 42.708333, 42.703333, 42.698334, 42.692778, 42.689444, 42.686112, 42.682222, 42.677222, 42.671111, 42.665555, 42.665434, 42.665388, 42.665446, 42.665552, 42.66577, 42.665997, 42.666192, 42.666284, 42.666125, 42.665917, 42.66583, 42.665837, 42.665867, 42.66598, 42.666357, 42.666855, 42.667498, 42.667828, 42.667688, 42.667584, 42.667506, 42.667519, 42.667573, 42.667598, 42.667963, 42.668394, 42.668009, 42.667687, 42.668112, 42.668329, 42.668359, 42.668251, 42.667654, 42.667108, 42.666781, 42.666636, 42.666708, 42.667029, 42.667484, 42.667466, 42.667132, 42.666921, 42.667019, 42.667207, 42.667002, 42.666589, 42.666302, 42.66612, 42.66571, 42.664521, 42.663243, 42.66251, 42.662095, 42.662011, 42.662145, 42.662415, 42.662844, 42.663029, 42.662673, 42.662039, 42.661788, 42.6618, 42.661037, 42.659984, 42.659534, 42.659585, 42.66005, 42.660832, 42.661398, 42.661638, 42.661806, 42.66182], [11.270724, 11.274609, 11.278275, 11.280565, 11.28342, 11.287434, 11.291117, 11.29434, 11.297223, 11.300579, 11.303624, 11.306009, 11.30965, 11.312548, 11.314906, 11.317322, 11.319645, 11.322346, 11.324512, 11.326286, 11.328077, 11.329698, 11.331244, 11.333245, 11.335456, 11.338148, 11.340268, 11.34128, 11.342617, 11.343823, 11.344891, 11.346905, 11.349232, 11.350478, 11.351047, 11.351476, 11.351748, 11.35223, 11.352967, 11.353788, 11.354221, 11.354645, 11.355383, 11.356394, 11.357482, 11.35828, 11.358697, 11.359117, 11.360096, 11.361921, 11.363384, 11.364059, 11.365304, 11.36663, 11.367411, 11.368463, 11.369518, 11.370334, 11.371907, 11.373311, 11.374416, 11.375361, 11.375906, 11.376811, 11.378362, 11.379569, 11.380159, 11.381062, 11.382012, 11.38316, 11.384571, 11.385715, 11.387111, 11.388608, 11.389534, 11.390346, 11.391434, 11.393382, 11.395248, 11.396459, 11.397944, 11.399724, 11.401646, 11.403342, 11.406935, 11.407192, 11.407706, 11.408477, 11.409394, 11.410408, 11.412199, 11.414082, 11.415329, 11.416306, 11.41691, 11.417279, 11.41776, 11.418624, 11.419927, 11.421834, 11.423194, 11.423355, 11.423441, 11.423793, 11.424537, 11.426026, 11.427293, 11.427711, 11.428158, 11.428865, 11.429849, 11.430939, 11.432283, 11.433724, 11.434892, 11.436556, 11.437826, 11.438254, 11.438875, 11.439786, 11.440985, 11.441788, 11.442046, 11.442298, 11.442765, 11.443471, 11.444369, 11.445618, 11.446691, 11.447206, 11.447574, 11.447963, 11.448345, 11.448815, 11.449695, 11.450726, 11.45174, 11.453415, 11.454745, 11.455346, 11.456154, 11.457336, 11.458316, 11.458819, 11.459443, 11.460506, 11.462202, 11.464394, 11.466233, 11.467356, 11.468622, 11.470011, 11.471692, 11.472922, 11.473308, 11.473964, 11.475116, 11.476399, 11.477449, 11.478875, 11.480391, 11.481201, 11.481752, 11.482188, 11.482545, 11.482968, 11.483482, 11.484352, 11.485606, 11.486617, 11.487541, 11.488708, 11.489382, 11.489554, 11.490073, 11.491382, 11.492424, 11.492556, 11.492242, 11.491537, 11.491128, 11.491066, 11.490267, 11.48895, 11.48713, 11.485682, 11.484907, 11.483973, 11.483222, 11.482299, 11.481251, 11.480546, 11.47981, 11.478646, 11.477467, 11.476053, 11.47435, 11.472406, 11.470133, 11.468675, 11.467664, 11.465679, 11.463965, 11.462821, 11.461164, 11.459549, 11.457946, 11.456594, 11.455657, 11.454214, 11.452588, 11.450804, 11.448626, 11.446856, 11.445612, 11.444154, 11.442413, 11.440592, 11.43939, 11.43895, 11.438273, 11.437451, 11.436682, 11.435674, 11.434145, 11.432837, 11.432174, 11.431397, 11.430163, 11.428875, 11.427168, 11.425105, 11.423151, 11.421157, 11.419873, 11.419138, 11.418256, 11.416813, 11.414129, 11.411996, 11.411061, 