{"name": "Arta", "bounding_box": [42.368204, 11.273965, 43.259083, 11.648105], "lat_idx": [249, 253], "lon_idx": [232, 242], "line": [[[42.899819, 42.900862, 42.90139, 42.956837, 43.013341, 43.050305, 43.18323, 43.184502, 43.186195, 43.186138, 43.188667, 43.190304, 43.192417, 43.197388, 43.199085, 43.199917, 43.208221, 43.214054, 43.215305, 43.215305, 43.216194, 43.217834, 43.217834, 43.22575, 43.226582, 43.226971, 43.230305, 43.23114, 43.232834, 43.232861, 43.233665, 43.232861, 43.232807, 43.231998, 43.232029, 43.231167, 43.231167, 43.231998, 43.231972, 43.232834, 43.232861, 43.234501, 43.234501, 43.236195, 43.237026, 43.238251, 43.243221, 43.245277, 43.248867, 43.255158, 43.259083, 43.25613, 43.253177, 43.250225, 43.247272, 43.24432, 43.241368, 43.238416, 43.235463, 43.232511, 43.22956, 43.226608, 43.223656, 43.220704, 43.217753, 43.214801, 43.21185, 43.208899, 43.205948, 43.202997, 43.200116, 43.190099, 43.181189, 43.175848, 43.172452, 43.170046, 43.168108, 43.165809, 43.163445, 43.161512, 43.159167, 43.156296, 43.153926, 43.152474, 43.150424, 43.147445, 43.145159, 43.143664, 43.142114, 43.139265, 43.135908, 43.13377, 43.13181, 43.129808, 43.128004, 43.125463, 43.122846, 43.120094, 43.117503, 43.11545, 43.113288, 43.111807, 43.110863, 43.109225, 43.107077, 43.105177, 43.10305, 43.101167, 43.100087, 43.099419, 43.098183, 43.096327, 43.094389, 43.092453, 43.09068, 43.089112, 43.087706, 43.086389, 43.084404, 43.08229, 43.080821, 43.079295, 43.077764, 43.076316, 43.074971, 43.07399, 43.072409, 43.070514, 43.069497, 43.067863, 43.065422, 43.063201, 43.061169, 43.059421, 43.056904, 43.054155, 43.052619, 43.051568, 43.049968, 43.047746, 43.045562, 43.042767, 43.040112, 43.037393, 43.033925, 43.030802, 43.027333, 43.024112, 43.021167, 43.018493, 43.01638, 43.01398, 43.011209, 43.00861, 43.006363, 43.003994, 43.001437, 42.998715, 42.996613, 42.994344, 42.99179, 42.990095, 42.988817, 42.987488, 42.985923, 42.98421, 42.982682, 42.980999, 42.978789, 42.976992, 42.975441, 42.97358, 42.971614, 42.970047, 42.969052, 42.966545, 42.963436, 42.960409, 42.957342, 42.954588, 42.951344, 42.948788, 42.946235, 42.943769, 42.941712, 42.939791, 42.937838, 42.935718, 42.933937, 42.932238, 42.929564, 42.926565, 42.924486, 42.922513, 42.920901, 42.919957, 42.91917, 42.918392, 42.917713, 42.916694, 42.914537, 42.912205, 42.910379, 42.908744, 42.90761, 42.906896, 42.905352, 42.902413, 42.899631, 42.897087, 42.894652, 42.893114, 42.890522, 42.88699, 42.884048, 42.881402, 42.878424, 42.875132, 42.872249, 42.869932, 42.868536, 42.86734, 42.865152, 42.862869, 42.861416, 42.860115, 42.858784, 42.857122, 42.854123, 42.851025, 42.848765, 42.846979, 42.84457, 42.841724, 42.839034, 42.836209, 42.834166, 42.83211, 42.830195, 42.828353, 42.82567, 42.82334, 42.821786, 42.821009, 42.819785, 42.818779, 42.817332, 42.815911, 42.814546, 42.812832, 42.810051, 42.806994, 42.804515, 42.802621, 42.80113, 42.799164, 42.797186, 42.795073, 42.792582, 42.790125, 42.787353, 42.785067, 42.783211, 42.780646, 42.778079, 42.776541, 42.775653, 42.773886, 42.771747, 42.769393, 42.766422, 42.764359, 42.761478, 42.757859, 42.754162, 42.750005, 42.746378, 42.743799, 42.740047, 42.735693, 42.733059, 42.730633, 42.727184, 42.723645, 42.720316, 42.717344, 42.714222, 42.710644, 42.707072, 42.703508, 42.700994, 42.699126, 42.697877, 42.696439, 42.694591, 42.692689, 42.689463, 42.68617, 42.684486, 42.682922, 42.681095, 42.679352, 42.677064, 42.6737, 42.670239, 42.667707, 42.665789, 42.664304, 42.663301, 42.662481, 42.661777, 42.661073, 42.660383, 42.66072, 42.661605, 42.661654, 42.661486, 42.66159, 42.66148, 42.661299, 42.661532, 42.661594, 42.661333, 42.661642, 42.662187, 42.662027, 42.66171, 42.661728, 42.499087, 42.442928, 42.415457, 42.391146, 42.370725, 42.368204, 42.368715, 42.371168, 42.373982, 42.37704, 42.379087, 42.380594, 42.381696, 42.382964, 42.385058, 42.38783, 42.39152, 42.395728, 42.398795, 42.401304, 42.403801, 42.406419, 42.409344, 42.411462, 42.413605, 42.416382, 42.41916, 42.422509, 42.426111, 42.429016, 42.432506, 42.435861, 42.43802, 42.440789, 42.444047, 42.447214, 42.450353, 42.45351, 42.458495, 42.466725, 42.467083, 42.467799, 42.468874, 42.470294, 42.472218, 42.474305, 42.476786, 42.479812, 42.482577, 42.48515, 42.487417, 42.489539, 42.491728, 42.493531, 42.495587, 42.498051, 42.500156, 42.502926, 42.506545, 42.510437, 42.514266, 42.517898, 42.519451, 42.520027, 42.520331, 42.520416, 42.519527, 42.52039, 42.519554, 42.520832, 42.522888, 42.522888, 42.523615, 42.524193, 42.525806, 42.527389, 42.527473, 42.527954, 42.529972, 42.530804, 42.533722, 42.533749, 42.532055, 42.532082, 42.530445, 42.531666, 42.535, 42.535416, 42.532917, 42.53289, 42.535, 42.537498, 42.540443, 42.539112, 42.537498, 42.534195, 42.530861, 42.529167, 42.527916, 42.528332, 42.52914, 42.530804, 42.53125, 42.529556, 42.529583, 42.527863, 42.526669, 42.525028, 42.522888, 42.522888, 42.524555, 42.524582, 42.527054, 42.527473, 42.530804, 42.533306, 42.535831, 42.538307, 42.539165, 42.540806, 42.543304, 42.545834, 42.547474, 42.549168, 42.55164, 42.554974, 42.559582, 42.561695, 42.56414, 42.564999, 42.565807, 42.566924, 42.572445, 42.574139, 42.577499, 42.57914, 42.581665, 42.58289, 42.582916, 42.585777, 42.590805, 42.59203, 42.593334, 42.596668, 42.597889, 42.598721, 42.600834, 42.604168, 42.605804, 42.606667, 42.611668, 42.614166, 42.617474, 42.619167, 42.621613, 42.627499, 42.628307, 42.631611, 42.632473, 42.634583, 42.633694, 42.633751, 42.637085, 42.637085, 42.638695, 42.637917, 42.638721, 42.637917, 42.63789, 42.639973, 42.643333, 42.650833, 42.651695, 42.656639, 42.659973, 42.66164, 42.663334, 42.664165, 42.665833, 42.666668, 42.672474, 42.673306, 42.675804, 42.676666, 42.678307, 42.68, 42.685806, 42.6875, 42.687889, 42.687084, 42.687054, 42.689945, 42.693722, 42.687889, 42.688751, 42.690361, 42.691223, 42.689583, 42.689556, 42.688332, 42.684139, 42.681667, 42.679974, 42.677891, 42.677891, 42.675026, 42.671638, 42.669109, 42.665779, 42.665417, 42.666222, 42.664585, 42.664585, 42.660416, 42.662056, 42.662109, 42.663723, 42.666668, 42.668304, 42.675835, 42.677055, 42.678333, 42.679974, 42.680416, 42.68211, 42.682945, 42.684555, 42.684528, 42.685806, 42.689194, 42.690418, 42.690445, 42.693306, 42.697498, 42.700001, 42.703304, 42.706665, 42.708752, 42.708721, 42.709999, 42.710835, 42.714138, 42.715, 42.71664, 42.717445, 42.720001, 42.723362, 42.724972, 42.725777, 42.733307, 42.737473, 42.745834, 42.747444, 42.749554, 42.749584, 42.753334, 42.755779, 42.756791, 42.757473, 42.759167, 42.761665, 42.762917, 42.769138, 42.770832, 42.771641, 42.774139, 42.775417, 42.776695, 42.783333, 42.785, 42.786278, 42.789555, 42.789944, 42.792057, 42.792084, 42.792889, 42.792862, 42.794945, 42.797474, 42.799168, 42.800362, 42.800415, 42.801666, 42.803307, 42.810806, 42.813332, 42.81414, 42.819138, 42.820778, 42.82164, 42.823334, 42.824165, 42.825863, 42.827526, 42.82914, 42.831696, 42.832916, 42.833305, 42.836639, 42.839973, 42.84586, 42.847473, 42.849972, 42.850418, 42.851223, 42.85125, 42.850361, 42.851223, 42.851223, 42.852501, 42.853722, 42.854557, 42.856251, 42.858749, 42.860863, 42.862473, 42.865776, 42.868332, 42.870388, 42.870419, 42.872444, 42.875416, 42.875805, 42.877499, 42.879139, 42.882526, 42.884972, 42.88586, 42.887474, 42.889973, 42.890835, 42.894943, 42.896641, 42.899139, 42.899819], [11.590252, 11.583997, 11.582148, 11.524325, 11.51878, 11.51878, 11.543415, 11.540861, 11.540055, 11.538333, 11.535833, 11.531694, 11.530444, 11.525444, 11.525444, 11.524583, 11.524583, 11.522083, 11.520833, 11.519167, 11.518361, 11.515, 11.513389, 11.505389, 11.505417, 11.504194, 11.501695, 11.499166, 11.497528, 11.495861, 11.495, 11.494194, 11.492528, 11.491667, 11.489195, 11.488334, 11.485056, 11.484195, 11.48, 11.479222, 11.4775, 11.475833, 11.474167, 11.473389, 11.470861, 11.469611, 11.467053, 11.466193, 11.464812, 11.462296, 11.461278, 11.456592, 11.451906, 11.44722, 11.442534, 11.437848, 11.433162, 11.428476, 11.42379, 11.419104, 