{"name": "Dikhil", "bounding_box": [41.759722, 10.931944, 42.668394, 11.935271], "lat_idx": [245, 256], "lon_idx": [226, 236], "line": [[[42.031125, 42.040608, 42.044663, 42.047926, 42.050875, 42.054368, 42.057698, 42.059564, 42.060779, 42.062652, 42.065911, 42.069843, 42.072542, 42.074976, 42.07753, 42.079309, 42.081299, 42.084335, 42.087893, 42.090688, 42.093661, 42.097466, 42.100764, 42.102642, 42.104124, 42.106429, 42.108507, 42.109711, 42.111076, 42.11314, 42.116109, 42.119252, 42.122214, 42.124376, 42.125997, 42.12831, 42.131232, 42.134189, 42.137252, 42.139606, 42.140571, 42.141203, 42.14184, 42.142827, 42.144515, 42.147153, 42.149502, 42.150975, 42.152659, 42.154673, 42.157047, 42.159097, 42.16095, 42.163208, 42.165462, 42.168117, 42.171197, 42.173997, 42.176367, 42.179327, 42.182488, 42.185113, 42.188499, 42.191375, 42.193396, 42.195904, 42.198318, 42.20051, 42.203362, 42.205981, 42.20727, 42.208747, 42.210569, 42.21249, 42.215159, 42.217886, 42.219844, 42.22149, 42.223873, 42.227329, 42.230035, 42.231917, 42.234212, 42.23607, 42.237718, 42.239246, 42.240668, 42.243004, 42.245046, 42.246237, 42.247898, 42.249496, 42.250733, 42.252106, 42.253597, 42.255899, 42.258617, 42.260939, 42.262575, 42.264102, 42.266105, 42.267983, 42.269786, 42.271607, 42.273537, 42.27573, 42.278327, 42.280806, 42.283638, 42.287121, 42.290429, 42.293698, 42.297863, 42.300879, 42.301665, 42.302489, 42.303767, 42.305854, 42.309596, 42.313575, 42.316136, 42.318401, 42.320584, 42.323221, 42.32758, 42.330915, 42.332753, 42.335017, 42.337497, 42.339656, 42.341369, 42.34296, 42.344418, 42.34669, 42.349323, 42.35187, 42.35478, 42.356928, 42.358488, 42.360115, 42.361322, 42.362807, 42.365505, 42.368204, 42.370725, 42.391146, 42.415457, 42.442928, 42.499087, 42.661728, 42.66182, 42.661806, 42.661638, 42.661398, 42.660832, 42.66005, 42.659585, 42.659534, 42.659984, 42.661037, 42.6618, 42.661788, 42.662039, 42.662673, 42.663029, 42.662844, 42.662415, 42.662145, 42.662011, 42.662095, 42.66251, 42.663243, 42.664521, 42.66571, 42.66612, 42.666302, 42.666589, 42.667002, 42.667207, 42.667019, 42.666921, 42.667132, 42.667466, 42.667484, 42.667029, 42.666708, 42.666636, 42.666781, 42.667108, 42.667654, 42.668251, 42.668359, 42.668329, 42.668112, 42.667687, 42.668009, 42.668394, 42.667963, 42.667598, 42.667573, 42.667519, 42.667506, 42.667584, 42.667688, 42.667828, 42.667498, 42.666855, 42.666357, 42.66598, 42.665867, 42.665837, 42.66583, 42.665917, 42.666125, 42.666284, 42.666192, 42.665997, 42.66577, 42.665552, 42.665446, 42.665388, 42.665434, 42.659167, 42.654444, 42.650213, 42.649843, 42.646389, 42.64, 42.634444, 42.616945, 42.608334, 42.599166, 42.581388, 42.563611, 42.545833, 42.528056, 42.510556, 42.50111, 42.5, 42.483056, 42.465, 42.446944, 42.428889, 42.410834, 42.407778, 42.390556, 42.373333, 42.358888, 42.355833, 42.352222, 42.348056, 42.344445, 42.338056, 42.331667, 42.326827, 42.326111, 42.320001, 42.313611, 42.3075, 42.300555, 42.294722, 42.291111, 42.2875, 42.283056, 42.281686, 42.279444, 42.274444, 42.269444, 42.264444, 42.258889, 42.253334, 42.247369, 42.241944, 42.236389, 42.23, 42.223055, 42.215833, 42.209723, 42.204167, 42.198611, 42.194445, 42.189722, 42.184167, 42.178611, 42.171665, 42.170402, 42.169791, 42.169118, 42.164722, 42.160616, 42.160009, 42.159453, 42.158335, 42.152222, 42.14861, 42.142222, 42.135833, 42.134444, 42.128333, 42.122778, 42.118333, 42.114722, 42.111666, 42.108611, 42.105, 42.099444, 42.093055, 42.086111, 42.081945, 42.078055, 42.075278, 42.073611, 42.071945, 42.069444, 42.063889, 42.057778, 42.051389, 42.045, 42.040833, 42.036389, 42.031389, 42.027223, 42.022223, 42.017223, 42.012222, 42.005834, 42.0, 41.998888, 41.991945, 41.986389, 41.981388, 41.974445, 41.970833, 41.967222, 41.963611, 41.960001, 41.954167, 41.951667, 41.946667, 41.943333, 41.941667, 41.940278, 41.936944, 41.932222, 41.925278, 41.918055, 41.912778, 41.906389, 41.9, 41.894722, 41.888332, 41.881944, 41.876667, 41.871111, 41.864723, 41.86, 41.854444, 41.848889, 41.843334, 41.837223, 41.831389, 41.825834, 41.820278, 41.8175, 41.815556, 41.813889, 41.808334, 41.803334, 41.7975, 41.791389, 41.787222, 41.785277, 41.783611, 41.781666, 41.781666, 41.781667, 41.785277, 41.789722, 41.793333, 41.796945, 41.798611, 41.799446, 41.800556, 41.800834, 41.801111, 41.800834, 41.801111, 41.801945, 41.801666, 41.8025, 41.802222, 41.8025, 41.802777, 41.803056, 41.803056, 41.804166, 41.804445, 41.805278, 41.805556, 41.805834, 41.806389, 41.806666, 41.806111, 41.806389, 41.806666, 41.807222, 41.808056, 41.808334, 41.808611, 41.80889, 41.81, 41.810278, 41.810556, 41.810833, 41.811111, 41.811983, 41.812222, 41.8125, 41.812223, 41.811666, 41.811389, 41.81, 41.808889, 41.806945, 41.804722, 41.801945, 41.8, 41.797222, 41.795834, 41.791667, 41.786945, 41.781945, 41.777222, 41.772222, 41.7675, 41.763333, 41.761356, 41.759722, 41.76, 41.761667, 41.763333, 41.765556, 41.767222, 41.769445, 41.771944, 41.774167, 41.775833, 41.7775, 41.779722, 41.781389, 41.783889, 41.784722, 41.785, 41.786111, 41.786945, 41.789445, 41.793056, 41.796111, 41.798334, 41.8, 41.800277, 41.799166, 41.798057, 41.798056, 41.803056, 41.808056, 41.813056, 41.818056, 41.823611, 41.828611, 41.829445, 41.8475, 41.85748, 41.865278, 41.883333, 41.891389, 41.895833, 41.913611, 41.931667, 41.948611, 41.96, 41.971389, 41.983333, 41.99095, 41.994722, 42.000001, 42.005834, 42.018055, 42.024722, 42.025, 42.031125], [11.935271, 11.928777, 11.927766, 11.92662, 11.925422, 11.923894, 11.92223, 11.920961, 11.919478, 11.91726, 11.914241, 11.910526, 11.907448, 11.904962, 11.902634, 11.90102, 11.89972, 11.898259, 11.895985, 11.893239, 11.890873, 11.889426, 11.888773, 11.887931, 11.886157, 11.883458, 11.880626, 11.878787, 11.877477, 11.875715, 11.873482, 11.871091, 11.869365, 11.868444, 11.867372, 11.865549, 11.862653, 11.859502, 11.857362, 11.855864, 11.854166, 11.852596, 11.851206, 11.849735, 11.847716, 11.844551, 11.841476, 11.839438, 11.837267, 11.835052, 11.832771, 11.83054, 11.828217, 11.825838, 11.824035, 11.821543, 11.818789, 11.815941, 11.813241, 11.810393, 11.80812, 11.806591, 11.803483, 11.80081, 11.799424, 11.797319, 11.794614, 11.792433, 11.790605, 11.788595, 11.786987, 11.785223, 11.783501, 11.782079, 11.779946, 11.777969, 11.776386, 11.774703, 11.772591, 11.769263, 11.766772, 11.765425, 11.763741, 11.76215, 11.760049, 11.758368, 11.757426, 11.755691, 11.753747, 11.752266, 11.750365, 11.74894, 11.748542, 11.747971, 11.746879, 11.744827, 11.742426, 11.740845, 11.739532, 11.737235, 11.734487, 11.732573, 11.730972, 11.728914, 11.726888, 11.724832, 11.722457, 11.720762, 11.719401, 11.716663, 11.712553, 11.70938, 11.706611, 11.703487, 11.700728, 11.698914, 11.698224, 11.697267, 11.695634, 11.693276, 11.691055, 11.688685, 11.68644, 11.684384, 11.680628, 11.677784, 11.67666, 11.674738, 11.672043, 11.669423, 11.667845, 11.666975, 11.665989, 11.664205, 11.662348, 11.660664, 11.658748, 11.657011, 11.654781, 11.652799, 11.651933, 11.651097, 11.649654, 11.648105, 11.61196, 11.503047, 11.423307, 11.383378, 11.301753, 11.273965, 11.270724, 11.267416, 11.264594, 11.262803, 11.261186, 11.258412, 11.25508, 11.252944, 11.250336, 11.246619, 11.243096, 11.240119, 11.237313, 11.233466, 11.229705, 11.226982, 11.224911, 11.22335, 11.221427, 11.219282, 11.217424, 11.214404, 11.210002, 11.206387, 11.203136, 11.200209, 11.198271, 11.196116, 11.193876, 11.190889, 11.187243, 11.184727, 11.182795, 11.180708, 11.17801, 11.175003, 11.172727, 11.170995, 11.168511, 11.165392, 11.162869, 11.160779, 11.158629, 11.155469, 11.15231, 11.149642, 11.146775, 11.144104, 11.140375, 11.136813, 11.134688, 11.133015, 11.131635, 11.130014, 11.128337, 11.125681, 11.122009, 11.118989, 11.11689, 11.114396, 11.111752, 11.109738, 11.10793, 11.106136, 11.104413, 11.1024, 11.099746, 11.097597, 11.096258, 11.093088, 11.08904, 11.086961, 11.087778, 11.09, 11.093107, 11.093396, 11.096111, 11.096944, 11.097222, 11.093889, 11.091667, 11.089167, 11.084722, 11.08, 11.075278, 11.070556, 11.066667, 