{"name": "Djibouti", "bounding_box": [42.891224, 11.51878, 43.216194, 11.733778], "lat_idx": [251, 254], "lon_idx": [237, 241], "line": [[[43.18323, 43.050305, 43.013341, 42.956837, 42.90139, 42.900862, 42.899819, 42.900833, 42.902443, 42.906639, 42.907471, 42.909138, 42.910831, 42.914139, 42.91497, 42.917446, 42.91914, 42.920029, 42.924168, 42.924946, 42.92664, 42.927528, 42.929165, 42.929974, 42.939167, 42.940834, 42.946667, 42.947472, 42.949165, 42.952473, 42.953362, 42.955807, 42.956665, 42.962502, 42.963306, 42.964943, 42.96664, 42.969971, 42.97086, 42.972473, 42.974972, 42.975777, 42.978333, 42.979168, 42.981667, 42.982498, 42.994141, 42.994999, 42.998333, 42.999138, 43.0, 43.002419, 43.00325, 43.004501, 43.00536, 43.009945, 43.014084, 43.014915, 43.018276, 43.019085, 43.023277, 43.025776, 43.028278, 43.02911, 43.034111, 43.034916, 43.041611, 43.042446, 43.044109, 43.044472, 43.04739, 43.049084, 43.049915, 43.051613, 43.053249, 43.054943, 43.055752, 43.05825, 43.059528, 43.059502, 43.06078, 43.067471, 43.069084, 43.070778, 43.07164, 43.07325, 43.074944, 43.079082, 43.080776, 43.082417, 43.086582, 43.08786, 43.08786, 43.0895, 43.091972, 43.095749, 43.097443, 43.098305, 43.099918, 43.10075, 43.109085, 43.10989, 43.114082, 43.114498, 43.113667, 43.114529, 43.114918, 43.117443, 43.119915, 43.120804, 43.125751, 43.127834, 43.127834, 43.130779, 43.132473, 43.137417, 43.138279, 43.141613, 43.143276, 43.144917, 43.147835, 43.149502, 43.147861, 43.143696, 43.144501, 43.146584, 43.149971, 43.151611, 43.153278, 43.156612, 43.157833, 43.15786, 43.156612, 43.155334, 43.155334, 43.152805, 43.153667, 43.155304, 43.158669, 43.1595, 43.162418, 43.164055, 43.168251, 43.169498, 43.171196, 43.170307, 43.170361, 43.178665, 43.179501, 43.181194, 43.18323], [11.543415, 11.51878, 11.51878, 11.524325, 11.582148, 11.583997, 11.590252, 11.59125, 11.592055, 11.592083, 11.59125, 11.59125, 11.592916, 11.592889, 11.592083, 11.593722, 11.593722, 11.592889, 11.592916, 11.594584, 11.594584, 11.593722, 11.59375, 11.594556, 11.594556, 11.59625, 11.596222, 11.595417, 11.59625, 11.596222, 11.595417, 11.595361, 11.59625, 11.596222, 11.595417, 11.595388, 11.593722, 11.592889, 11.592028, 11.592916, 11.592916, 11.593722, 11.59375, 11.592889, 11.592916, 11.592055, 11.592083, 11.591222, 11.59125, 11.592055, 11.591222, 11.59125, 11.590389, 11.591666, 11.594194, 11.598778, 11.597139, 11.595417, 11.595445, 11.596306, 11.596278, 11.597944, 11.597917, 11.597111, 11.597083, 11.597972, 11.597944, 11.597083, 11.597111, 11.595834, 11.59375, 11.59375, 11.592083, 11.592112, 11.590389, 11.590417, 11.589611, 11.589556, 11.590834, 11.595028, 11.597111, 11.597083, 11.598778, 11.598778, 11.600445, 11.60125, 11.600472, 11.599639, 11.598778, 11.596278, 11.595445, 11.594194, 11.593333, 11.592527, 11.586695, 11.582055, 11.582084, 11.582945, 11.582945, 11.582111, 11.581306, 11.580444, 11.580417, 11.580806, 11.581667, 11.582528, 11.585417, 11.585417, 11.587916, 11.587111, 11.587083, 11.589167, 11.590028, 11.592112, 11.592916, 11.592944, 11.593778, 11.593722, 11.595417, 11.595417, 11.599222, 11.603361, 11.607555, 11.611639, 11.612528, 11.615472, 11.614611, 11.612917, 11.613778, 11.612945, 11.610833, 11.606694, 11.604611, 11.604139, 11.602555, 11.597528, 11.592556, 11.590028, 11.584194, 11.580861, 11.577111, 11.57625, 11.576278, 11.575027, 11.564195, 11.563389, 11.558389, 11.551723, 11.549194, 11.5475, 11.543415]], [[43.186165, 43.189056, 43.189945, 43.191166, 43.191166, 43.19286, 43.192806, 43.191555, 43.18911, 43.186165, 43.186165], [11.553361, 11.553722, 11.554611, 11.554222, 11.553361, 11.551695, 11.550028, 11.547889, 11.547944, 11.550056, 11.553361]], [[42.892471, 42.894974, 42.89539, 42.895, 42.894196, 42.893307, 42.892502, 42.891224, 42.892471], [11.593722, 11.593722, 11.593333, 11.592055, 11.592055, 11.59125, 11.592112, 11.5925, 11.593722]], [[43.147861, 43.149944, 43.152443, 43.153667, 43.153278, 43.152416, 43.150776, 43.147804, 43.147861], [11.625055, 11.627139, 11.627084, 11.625834, 11.622916, 11.622889, 11.621278, 11.621667, 11.625055]], [[43.156166, 43.158722, 43.159111, 43.16325, 43.165359, 43.164917, 43.160721, 43.159084, 43.158279, 43.156166, 43.156166], [11.715861, 11.717472, 11.718805, 11.718778, 11.717527, 11.712916, 11.712944, 11.712083, 11.712944, 11.713333, 11.715861]], [[43.180721, 43.184082, 43.184917, 43.190777, 43.194138, 43.195751, 43.196583, 43.198277, 43.201611, 43.202026, 43.201168, 43.201168, 43.198666, 43.197887, 43.196609, 43.191582, 43.191166, 43.189529, 43.189529, 43.187889, 43.184944, 43.182446, 43.179527, 43.179501, 43.180721], [11.727944, 11.729639, 11.728778, 11.72875, 11.725445, 11.725472, 11.724611, 11.724611, 11.722917, 11.720861, 11.72, 11.718389, 11.716695, 11.714167, 11.712889, 11.712916, 11.714194, 11.715028, 11.716695, 11.720028, 11.72125, 11.72125, 11.724167, 11.726666, 11.727944]], [[43.180332, 43.18161, 43.182415, 43.184113, 43.183693, 43.18161, 43.179554, 43.179527, 43.180332], [11.715834, 11.71625, 11.715445, 11.715389, 11.71, 11.708777, 11.710028, 11.714167, 11.715834]], [[43.201584, 43.207417, 43.208221, 43.210724, 43.211613, 43.215363, 43.216194, 43.2145, 43.214527, 43.213696, 43.215363, 43.213696, 43.211193, 43.210335, 43.208248, 43.206612, 43.204918, 43.202415, 43.202, 43.202805, 43.202805, 43.20536, 43.205334, 43.207027, 43.207832, 43.207806, 43.205776, 43.203251, 43.200333, 43.201584], [11.732917, 11.732944, 11.73375, 11.733778, 11.732917, 11.732528, 11.729195, 11.727528, 11.725862, 11.725, 11.7225, 11.719194, 11.717527, 11.714194, 11.712111, 11.712111, 11.71375, 11.713805, 11.715861, 11.716666, 11.717527, 11.72, 11.720861, 11.721694, 11.723361, 11.726694, 11.727944, 11.727917, 11.730028, 11.732917]]]}