{"name": "Tadjourah", "bounding_box": [42.031125, 11.551278, 43.071538, 12.526912], "lat_idx": [252, 262], "lon_idx": [228, 240], "line": [[[42.709403, 42.709668, 42.710118, 42.710183, 42.710044, 42.710262, 42.710614, 42.710707, 42.710558, 42.7104, 42.710267, 42.710109, 42.710053, 42.710025, 42.710007, 42.709998, 42.717152, 42.720687, 42.724145, 42.726624, 42.728451, 42.729965, 42.731447, 42.73355, 42.735876, 42.737193, 42.738251, 42.739143, 42.740487, 42.742107, 42.743339, 42.74445, 42.745643, 42.746844, 42.747549, 42.748356, 42.749425, 42.750291, 42.750984, 42.751621, 42.753157, 42.755069, 42.756081, 42.756753, 42.757741, 42.758866, 42.759953, 42.762035, 42.764589, 42.766348, 42.767673, 42.768779, 42.770216, 42.772823, 42.775304, 42.776664, 42.777403, 42.777745, 42.77824, 42.778811, 42.779826, 42.782399, 42.785091, 42.786503, 42.788356, 42.7905, 42.791974, 42.793352, 42.79459, 42.795591, 42.796515, 42.797439, 42.799124, 42.801232, 42.80265, 42.803749, 42.804687, 42.80646, 42.809441, 42.811865, 42.81348, 42.814288, 42.815667, 42.816743, 42.817726, 42.81961, 42.82194, 42.823661, 42.824829, 42.826253, 42.828379, 42.830354, 42.83294, 42.835869, 42.837814, 42.839803, 42.842666, 42.846129, 42.84899, 42.851752, 42.854695, 42.856846, 42.858133, 42.85939, 42.861067, 42.863647, 42.86636, 42.868274, 42.869717, 42.870891, 42.871735, 42.872558, 42.87376, 42.8748, 42.876957, 42.879703, 42.880951, 42.881417, 42.882908, 42.885141, 42.886821, 42.888874, 42.890861, 42.893026, 42.895243, 42.896766, 42.898379, 42.900744, 42.903082, 42.904842, 42.906984, 42.909338, 42.911105, 42.913118, 42.915604, 42.917561, 42.919358, 42.92092, 42.92303, 42.925294, 42.926537, 42.927953, 42.930774, 42.933556, 42.935199, 42.936567, 42.937729, 42.938573, 42.93946, 42.940682, 42.941786, 42.943025, 42.944634, 42.945811, 42.946596, 42.946989, 42.952499, 42.955598, 42.957163, 42.958609, 42.96036, 42.962232, 42.963967, 42.965112, 42.965958, 42.967367, 42.968871, 42.970093, 42.97149, 42.972903, 42.975023, 42.977181, 42.979425, 42.981639, 42.983717, 42.986293, 42.988095, 42.989904, 42.992043, 42.993884, 42.995301, 42.99614, 42.99678, 42.998101, 42.999727, 43.000784, 43.001844, 43.002863, 43.0042, 43.005739, 43.007321, 43.008815, 43.009863, 43.011278, 43.013316, 43.015604, 43.017355, 43.01844, 43.019334, 43.020389, 43.021531, 43.022415, 43.023127, 43.024093, 43.025922, 43.027818, 43.029208, 43.030544, 43.031742, 43.03253, 43.032992, 43.033573, 43.034383, 43.036059, 43.038164, 43.039487, 43.040607, 43.041745, 43.042835, 43.044185, 43.045351, 43.047302, 43.049647, 43.051296, 43.053037, 43.054896, 43.05664, 43.058592, 43.060374, 43.062284, 43.064274, 43.066087, 43.071538, 43.070305, 43.068695, 43.068222, 43.065777, 43.062832, 43.062443, 43.060749, 43.05825, 43.056194, 43.054916, 43.053223, 43.052418, 43.051613, 43.049915, 43.049084, 43.047474, 43.045776, 43.042446, 43.041584, 43.039944, 43.039082, 43.03664, 43.032444, 43.027443, 43.026554, 43.022415, 43.02161, 43.019917, 43.016613, 43.014111, 43.013248, 43.009918, 43.007446, 43.004139, 43.002834, 43.000778, 43.0, 42.995804, 42.994167, 42.986637, 42.985779, 42.979137, 42.97747, 42.975834, 42.975445, 42.973362, 42.969582, 42.968723, 42.964554, 42.964584, 42.963696, 42.963722, 42.962055, 42.9575, 42.955807, 42.951694, 42.947472, 42.945835, 42.943333, 42.938778, 42.938751, 42.940388, 42.938332, 42.935417, 42.937084, 42.937084, 42.934113, 42.933361, 42.929974, 42.927917, 42.926193, 42.924973, 42.923332, 42.915833, 42.914139, 42.91164, 42.908306, 42.907501, 42.902473, 42.901669, 42.899971, 42.896667, 42.895779, 42.889973, 42.888332, 42.885807, 42.881668, 42.874943, 42.868694, 42.868721, 42.865833, 42.862446, 42.861637, 42.860001, 42.857529, 42.844112, 42.843304, 42.84164, 42.840832, 42.839943, 42.838333, 42.837471, 42.837055, 42.832916, 42.832916, 42.82164, 42.82, 42.816639, 42.807499, 42.805805, 42.796612, 42.795807, 42.792473, 42.789139, 42.788334, 42.784138, 42.783279, 42.782471, 42.776695, 42.775806, 42.772057, 42.772083, 42.771221, 42.771221, 42.767887, 42.767918, 42.767056, 42.767056, 42.766251, 42.763748, 42.759583, 42.757915, 42.755833, 42.754139, 42.752888, 42.75375, 42.75375, 42.752888, 42.752918, 42.752029, 42.751194, 42.747501, 42.746223, 42.746223, 42.742474, 42.739166, 42.737499, 42.735001, 42.73164, 42.728279, 42.725834, 42.724167, 42.722084, 42.722084, 42.720417, 42.720444, 42.717472, 42.715805, 42.713722, 42.713749, 42.7075, 42.705418, 42.705418, 42.70211, 42.701221, 42.70039, 42.698723, 42.69875, 42.697083, 42.696194, 42.695389, 42.695389, 42.693722, 42.693722, 42.694557, 42.694557, 42.69289, 42.692028, 42.692917, 42.69289, 42.690361, 42.689167, 42.688278, 42.686222, 42.686222, 42.685001, 42.682472, 42.680389, 42.679585, 42.680416, 42.680363, 42.682083, 42.682083, 42.682919, 42.683723, 42.680805, 42.68, 42.674973, 42.674168, 42.671665, 42.671249, 42.669945, 42.666637, 42.662472, 42.661194, 42.662056, 42.660831, 42.658333, 42.657501, 42.654999, 42.652443, 42.651669, 42.649944, 42.649139, 42.647499, 42.645805, 42.643307, 42.638332, 42.635418, 42.637474, 42.639973, 42.642502, 42.644196, 42.645416, 42.643749, 42.648304, 42.649529, 42.649139, 42.63414, 42.631195, 42.630859, 42.627445, 42.622471, 42.621666, 42.616611, 42.612473, 42.609138, 42.604137, 42.603333, 42.600388, 42.599167, 42.595806, 42.595001, 42.592499, 42.590805, 42.587471, 42.586666, 42.585835, 42.582443, 42.580387, 42.580387, 42.577446, 42.575001, 42.574165, 42.572472, 42.569557, 42.565388, 42.564972, 42.56414, 42.557472, 42.554974, 42.554138, 42.549137, 42.544998, 42.540806, 42.538334, 42.535027, 42.534557, 42.535027, 42.536667, 42.537888, 42.537918, 42.538723, 42.53875, 42.53664, 42.532471, 42.531666, 42.529972, 42.528278, 42.527889, 42.529167, 42.530388, 42.529999, 42.526695, 42.525806, 42.524139, 42.519974, 42.518333, 42.51664, 42.516251, 42.516251, 42.518723, 42.518749, 42.517056, 42.517082, 42.519451, 42.517898, 42.514266, 42.510437, 42.506545, 42.502926, 42.500156, 42.498051, 42.495587, 42.493531, 42.491728, 42.489539, 42.487417, 42.48515, 42.482577, 42.479812, 42.476786, 42.474305, 42.472218, 42.470294, 42.468874, 42.467799, 42.467083, 42.466725, 42.458495, 42.45351, 42.450353, 42.447214, 42.444047, 42.440789, 42.43802, 42.435861, 42.432506, 42.429016, 42.426111, 42.422509, 42.41916, 42.416382, 42.413605, 42.411462, 42.409344, 42.406419, 42.403801, 42.401304, 42.398795, 42.395728, 42.39152, 42.38783, 42.385058, 42.382964, 42.381696, 42.380594, 42.379087, 42.37704, 42.373982, 42.371168, 42.368715, 42.365505, 42.362807, 42.361322, 42.360115, 42.358488, 42.356928, 42.35478, 42.35187, 42.349323, 42.34669, 42.344418, 42.34296, 42.341369, 42.339656, 42.337497, 42.335017, 42.332753, 42.330915, 42.32758, 42.323221, 42.320584, 42.318401, 42.316136, 42.313575, 42.309596, 42.305854, 42.303767, 42.302489, 42.301665, 42.300879, 42.297863, 42.293698, 42.290429, 42.287121, 42.283638, 42.280806, 42.278327, 42.27573, 42.273537, 42.271607, 42.269786, 42.267983, 42.266105, 42.264102, 42.262575, 42.260939, 42.258617, 42.255899, 42.253597, 42.252106, 42.250733, 42.249496, 42.247898, 42.246237, 42.245046, 42.243004, 42.240668, 42.239246, 42.237718, 42.23607, 42.234212, 42.231917, 42.230035, 42.227329, 42.223873, 42.22149, 42.219844, 42.217886, 42.215159, 42.21249, 42.210569, 42.208747, 42.20727, 42.205981, 42.203362, 42.20051, 42.198318, 42.195904, 42.193396, 42.191375, 42.188499, 42.185113, 42.182488, 42.179327, 42.176367, 42.173997, 42.171197, 42.168117, 42.165462, 42.163208, 42.16095, 42.159097, 42.157047, 42.154673, 42.152659, 42.150975, 42.149502, 42.147153, 42.144515, 42.142827, 42.14184, 42.141203, 42.140571, 42.139606, 42.137252, 42.134189, 42.131232, 42.12831, 42.125997, 42.124376, 42.122214, 42.119252, 42.116109, 42.11314, 42.111076, 42.109711, 42.108507, 42.106429, 42.104124, 42.102642, 42.100764, 42.097466, 42.093661, 42.090688, 42.087893, 42.084335, 42.081299, 42.079309, 42.07753, 42.074976, 42.072542, 42.069843, 42.065911, 42.062652, 42.060779, 42.059564, 42.057698, 